Node,Degree,In degree nodes,Out degree nodes,In Weight,Out Weight,Diff,To Inliers,To Outliers,In Out,To Inliers Weight,To Outliers Weight,Inlier-Outlier Propagation Score,Label
1043469376771332113858820724324827897913309990452,114,57,57,376501.032949722,386692.9537720318,-10191.920822309796,52333.75998695581,6994.354838709678,45339.40514824614,0.1390003091809431,0.018577252720694937,0.12042305646024817,LLC >
1043754360836331848364792327262011021650379248223,108,54,54,28912.910852448153,29016.10491629103,-103.19406384287868,5312.164519810859,2398.064516129032,2914.100003681827,0.1837298412090203,0.0829409577045744,0.10078888350444591,DNS >
1077028023530208599426324724984012030801332581683,110,55,55,158629.15246971697,166311.6360855867,-7682.4836158697435,25570.915538887984,3996.7741935483873,21574.141345339598,0.16119934539629838,0.025195710443648683,0.1360036349526497,Time_To_Live >
1085488307210616684491611463585545838953333018237,107,53,54,59265.37400787911,69633.23305176123,-10367.85904388212,4840.443502364259,3497.177419354839,1343.26608300942,0.08167405645192993,0.05900878004903677,0.02266527640289316,Type >
1091995366823138898995898948102109473193356840202,114,57,57,329128.47339616984,329222.33209553815,-93.85869936831295,40457.90559269526,7194.193548387097,33263.71204430816,0.12292435587606039,0.02185831409282992,0.10106604178323048,DNS <=
109928824856976412487775174607761519739702474552,108,54,54,192524.2968367846,197546.47854283807,-5022.181706053467,15709.218979292353,799.3548387096774,14909.864140582675,0.08159603352614804,0.004151968618212083,0.07744406490793596,Number <=
1118614325010621431186771152252517336813918651911,110,55,55,157114.08635462305,159456.48081768118,-2342.3944630581245,17798.124898092286,15287.661290322581,2510.463607769705,0.11328153516369018,0.09730293218786709,0.015978602975823084,sum >
1184472685782376059334758133512718430805424685192,91,46,45,4831.0266774666925,5655.438742287887,-824.4120648211947,1033.341757704223,0.0,1033.341757704223,0.21389692640780236,0.0,0.21389692640780236,SSH >
1232849963170894971818913290506039176322619533319,108,54,54,141205.33821526065,145914.46751576613,-4709.129300505476,21666.843306701452,99.91935483870968,21566.923951862744,0.15344209773196682,0.0007076174038575475,0.15273448032810927,psh_flag_number >
1233133706649643691022119102239698495899057226060,115,58,57,356846.8486059025,367197.1610746727,-10350.312468770193,35631.60361976195,14188.548387096775,21443.055232665174,0.09985124923749313,0.03976089026014194,0.06009035897735118,Time_To_Live <=
1236189254858718471128603624930063881324958313531,113,56,57,318630.52205677377,334529.6741583081,-15899.152101534302,49024.642100114135,2497.983870967742,46526.65822914639,0.15386047069081127,0.007839750739643988,0.14602071995116728,HTTPS >
1239329028096551917906154637654656383307088642249,97,49,48,104683.86093476329,102244.93587046281,2438.925064300478,5340.447578672754,599.516129032258,4740.931449640497,0.05101500394603143,0.005726920307284649,0.045288083638746784,cwr_flag_number <=
1251276136943778783713685275011300537715092657394,103,52,51,80273.82159181162,91293.0381779164,-11019.216586104783,2688.9108103701287,28177.25806451613,-25488.347254146,0.03349673351847014,0.35101428467920814,-0.317517551160738,fin_flag_number >
1329847435934461746074927120436757452470095790255,103,51,52,55329.662547403525,57384.14329144817,-2054.4807440446457,10682.915375835644,1698.6290322580646,8984.28634357758,0.19307754437654645,0.03070015167366635,0.1623773927028801,Min >
1338222599102815322204523610829624561969283441716,101,51,50,301488.3979450145,325730.759153285,-24242.36120827048,24946.668025436167,5595.483870967742,19351.184154468425,0.08274503495151393,0.018559533000630582,0.06418550195088335,SSH <=
1345309773886921328764805451107636357621530213384,109,55,54,868399.1129032258,430252.7419354839,438146.37096774194,0.0,0.0,0.0,0.0,0.0,0.0,Class -1
1375509225989204300559045429796274689340158771149,112,56,56,389686.16813852085,424068.2177458803,-34382.049607359455,44443.79667373227,8393.225806451614,36050.57086728066,0.11405022889581735,0.02153842371810357,0.09251180517771379,rst_count <=
1379366653555122327876205020011632492492609315477,111,55,56,299559.2033315275,325197.3563035509,-25638.15297202341,30036.60851133214,7993.548387096775,22043.060124235366,0.10026935636522605,0.02668436922717468,0.07358498713805137,Type <=
1418162538066850581097605911983264533342366443794,107,53,54,260723.85902810286,261432.8416735482,-708.9826454453287,37072.019403228434,6294.91935483871,30777.100048389722,0.14218882591497897,0.02414400959814036,0.11804481631683861,Header_Length <=
1429650867505148313720594668477948880050562903683,106,53,53,103316.645487395,121482.82486863768,-18166.179381242677,3618.2113158323823,39468.145161290326,-35849.93384545794,0.03502060388007678,0.38201148493642856,-0.3469908810563518,syn_flag_number >
1454952188391427871478129207189215566009723810659,115,58,57,57091.96104627005,60102.0377203179,-3010.0766740478502,9883.91896298712,7094.274193548387,2789.6447694387325,0.17312277914182558,0.12426047491693006,0.04886230422489553,Std >
1455733501014453866297060548284701359849809242142,114,57,57,312936.7480394271,336158.42643972585,-23221.678400298755,40609.42197945541,5495.564516129032,35113.85746332638,0.12976878629268238,0.017561262940703412,0.11220752335197896,DHCP <=
153155765823982001952501641876618811106762500815,118,59,59,351950.68617421354,367115.554022922,-15164.867848708469,45995.32447415621,5795.322580645161,40200.00189351105,0.13068684415460635,0.01646629146725547,0.11422055268735087,ack_flag_number >
160227321490815016489601533331665083666172936667,108,53,55,179394.11484933438,182553.4107262141,-3159.2958768797107,14396.076960704386,2897.6612903225805,11498.415670381804,0.08024832349040574,0.016152488016433566,0.06409583547397217,IGMP <=
161772624339136553719839337862344762258727720981,114,57,57,207176.12694150629,223871.929395707,-16695.80245420072,14526.381053318115,24680.08064516129,-10153.699591843177,0.07011609526525933,0.1191260837313047,-0.04900998846604537,ack_flag_number <=
171982518954274878349485416184092168691833932185,116,58,58,1400946.7748247187,1020446.7030816892,380500.0717430295,0.0,0.0,0.0,0.0,0.0,0.0,Class 1
207766774224049171901964708681563529125144087827,104,52,52,52137.42407546694,55213.35335545936,-3075.9292799924224,3491.947660198924,6294.91935483871,-2802.971694639786,0.06697583783856415,0.12073706107396204,-0.05376122323539789,HTTP >
215123608059624622405742600984392925785664489773,118,59,59,633822.3552778991,646777.4951084298,-12955.139830530738,60815.647317789015,14588.225806451614,46227.4215113374,0.09595061898869822,0.023016268967123152,0.07293435002157507,Variance <=
218607780770691257170847497927336330511308420255,111,56,55,165794.41127585826,179697.7993062386,-13903.38803038033,23321.40225012229,14987.903225806453,8333.499024315837,0.14066458616218855,0.09040053347074961,0.05026405269143894,ack_count >
223165296026140232481876277255273629987157553131,111,56,55,307597.4734908454,311492.51990816474,-3895.0464173193322,31601.267731941953,9692.177419354839,21909.090312587112,0.1027357844435691,0.03150928812698227,0.07122649631658683,Header_Length >
335418722972519651500040442315750311827115323662,110,55,55,143919.15962298092,161834.71786685463,-17915.558243873704,12686.972118049895,59252.17741935484,-46565.205301304944,0.08815346164670104,0.41170458175669816,-0.3235511201099971,Rate >
337274849629170698169636561573185333120886675912,45,21,24,435.27562420117505,553.458405874092,-118.18278167291697,147.47594977987936,0.0,147.47594977987936,0.3388104951903283,0.0,0.3388104951903283,ece_flag_number >
338730224709676774412755851787278702947952010784,114,57,57,373954.0913645377,388304.2735229299,-14350.182158392214,53162.0495679113,11790.483870967742,41371.56569694356,0.14216196799432235,0.03152922816794147,0.11063273982638087,sum <=
371266811264664269299964157380215767396824640058,104,51,53,15218.273302020272,18729.885508328818,-3511.612206308546,3108.1061470732106,2198.225806451613,909.8803406215975,0.20423513794174009,0.14444646661456606,0.059788671327174026,ICMP >
378316838538499851440768051160724422589084218125,110,55,55,326043.55088547943,340466.0210232323,-14422.470137752884,43405.40436980271,7793.709677419355,35611.69469238335,0.13312762743480414,0.02390389153919147,0.10922373589561267,IAT <=
40351198695966294513339726256484683518911283460,110,55,55,232590.13341363223,241315.35932001914,-8725.225906386913,29043.67112343062,14088.629032258064,14955.042091172556,0.12487060692200608,0.060572771619693835,0.06429783530231224,fin_flag_number <=
426624906449189252299067265451872698344494536313,61,31,30,144814.5400083104,167122.81897771443,-22308.278969404026,74.74808413500735,61650.24193548387,-61575.49385134887,0.0005161642203242701,0.42571859104718335,-0.4252024268268591,Number >
450410814915736770904937984733342042835793211647,100,50,50,118847.02625405659,136298.03199770674,-17451.005743650152,9294.015163867602,6694.596774193548,2599.4183896740533,0.07820149529025654,0.056329526999545285,0.021871968290711252,ece_flag_number <=
475011065740486827108472353828139148231878458661,110,55,55,415134.5997854021,443443.9866560069,-28309.386870604765,46123.6083482798,26278.790322580644,19844.818025699155,0.11110518943042265,0.06330185519627872,0.04780333423414393,syn_flag_number <=
505469541859377927785473031559292540931343582537,112,57,55,289530.2359393656,335405.24336876656,-45875.00742940098,44701.37453122452,16087.016129032258,28614.358402192265,0.1543927679476835,0.05556247373210878,0.09883029421557472,ICMP <=
520582048177068818674784514618258893555315007951,105,52,53,35616.6637781857,39320.604043172054,-3703.940264986355,8586.938692320235,1798.5483870967741,6788.39030522346,0.24109329121329764,0.05049738510877426,0.19059590610452337,LLC <=
565103970815292376991711972572924808853013487374,51,26,25,686.7113658000347,816.9339979907744,-130.22263219073966,293.94179031469105,199.83870967741936,94.10308063727169,0.42804270462633454,0.2910083036773428,0.13703440094899172,IGMP >
629827923182617752624696690572530002196221478554,82,41,41,5019.2165466566385,6005.523056126823,-986.3065094701842,865.6636230229904,299.758064516129,565.9055585068613,0.1724698695456006,0.05972208246639638,0.11274778707920421,DHCP >
681503808608794911981134712221284126975357543438,118,59,59,451978.5300042604,490448.9479047774,-38470.417900517,65494.473340942444,5395.645161290323,60098.82817965212,0.14490616034422052,0.011937835103006913,0.1329683252412136,syn_count <=
684418957212367241623111035135876005715150589706,112,56,56,311970.92068029643,322867.6859585637,-10896.765278267267,39023.55046469917,12589.83870967742,26433.711755021748,0.12508714074889682,0.04035580842670691,0.0847313323221899,HTTP <=
714914936218336719861297767221934377853836589461,109,55,54,102392.90058278062,109741.18466729434,-7348.284084513711,12877.882765367684,5195.806451612903,7682.07631375478,0.12576929349663674,0.050743815460255456,0.07502547803638128,UDP >
786396322989194697344344278946426998739971577495,115,57,58,237985.04543111566,255166.31942216356,-17181.2739910479,23469.888309147238,20783.225806451614,2686.6625026956244,0.09861917275781328,0.08732996549763157,0.011289207260181705,HTTPS <=
795584812918386367255521286735341258439959854242,106,53,53,83212.32713822105,113034.12451413032,-29821.79737590927,5651.561226153595,54855.72580645161,-49204.16458029802,0.06791735576347946,0.6592259547714933,-0.5913085990080138,syn_count >
835140271881840015202809914014108690929910415575,111,55,56,244101.55016752312,255664.4173245741,-11562.86715705099,18846.618294472526,69443.95161290323,-50597.3333184307,0.07720810573115322,0.2844879582503467,-0.20727985251919345,IAT >
841356973986788424033641854148712928121319667477,112,56,56,56434.819814015136,59079.2369413485,-2644.417127333363,10963.725745964455,3896.8548387096776,7066.870907254777,0.1942723620292609,0.0690505409878517,0.12522182104140922,Variance >
841518471221275042570144506781210008737201997031,112,56,56,605590.6490666568,639850.0192769944,-34259.37021033757,65919.72933311593,15687.33870967742,50232.39062343851,0.10885196037077548,0.025904195736600168,0.0829477646341753,Min <=
843826879422383561066103188424018239931401286651,116,58,58,199970.4311813931,215300.09346580898,-15329.662284415885,18992.07402576227,9492.33870967742,9499.73531608485,0.09497441153454617,0.04746871151698885,0.047505700017557315,ack_count <=
896530251803066355404557928035950607124936193677,110,55,55,325592.4230629645,340085.9755658179,-14493.552502853388,43584.193706179685,7194.193548387097,36390.00015779259,0.133861203820923,0.02209570321295791,0.1117655006079651,psh_flag_number <=
922599836131670820904126277297069322180441856169,112,56,56,569533.2681080144,626772.916901164,-57239.64879314962,74322.82814283385,62849.27419354839,11473.553949285466,0.13049778178847002,0.1103522440442035,0.020145537744266515,Rate <=
926368966621798523173828527325665066772113177503,116,58,58,591568.1170216124,631410.8497919767,-39842.73277036438,59579.273601826186,18485.08064516129,41094.19295666489,0.10071413906109736,0.031247594509029225,0.06946654455206813,UDP <=
940331364486966071141541838460909450599289486914,83,42,41,127788.90430142592,179364.54471578926,-51575.64041436334,784.8548834175771,85630.8870967742,-84846.03221335662,0.00614180775481318,0.6700964185027345,-0.6639546107479213,rst_count >
974265510705878984211701297112044370513255377925,114,57,57,426804.18009656906,460558.33276352676,-33754.1526669577,36775.047285178545,41466.532258064515,-4691.48497288597,0.08616374674882002,0.09715587192394007,-0.010992125175120049,Std <=
510505520442458443414009447271658614884328320759,50,25,25,4234.850425776997,4201.598281112753,33.25214466424404,186.87021033751836,299.758064516129,-112.88785417861067,0.04412675574090246,0.07078362501106053,-0.02665686927015807,IRC <=
579184915384053252333364217236378176158944003116,16,8,8,462.3856529720234,474.5069639128354,-12.121310940811952,127.27376487852601,299.758064516129,-172.48429963760302,0.2752545717205172,0.6482858250237834,-0.3730312533032662,cwr_flag_number >
708408391217891577256114269656040681679338993095,4,2,2,5.0505462253383335,4.040436980270667,1.0101092450676665,3.0303277352030005,0.0,3.0303277352030005,0.6000000000000001,0.0,0.6000000000000001,IRC >
