classe,predicado,lrc,cobertura,seletividade,lift
Benign,UDP <= 0.5,2.254137672378798,0.9374,0.8201,1.143
Benign,AVG > 77.55,2.3499689079700317,0.8733,0.5564,1.569
Benign,rst_flag_number <= 0.1,2.4566827092717847,0.9964,0.9013,1.105
Benign,IAT <= 0.04,2.5778258127213194,0.9873,0.9816,1.006
Benign,HTTPS > 0.86,0.593714500152059,0.418,0.0914,4.575
Benign,Tot sum > 5555.5,0.6138426575020453,0.3902,0.7327,0.533
Benign,Variance > 450252.47,0.635932306585927,0.3705,0.0702,5.275
Benign,TCP > 0.95,0.6602948849061376,0.3829,0.417,0.918
Benign,UDP <= 0.01,0.687314264345398,0.441,0.5824,0.757
Benign,Time_To_Live <= 164.7,0.7174700020098225,0.807,0.9724,0.83
Benign,Rate <= 1697.49,0.7513705473370115,0.8869,0.3692,2.402
Benign,Max <= 4048.0,0.7898019866390471,0.8842,0.9885,0.894
Benign,Header_Length > 24.2,0.8338019685951726,0.7272,0.188,3.869
Benign,Rate <= 1711.45,0.8847763587944203,0.8872,0.37,2.398
Benign,Variance > 372524.58,0.9446926861363993,0.3999,0.0864,4.631
Benign,Max <= 5635.0,1.0164222569445067,0.9437,0.9973,0.946
Benign,Tot size <= 1564.25,1.104400780962901,0.9059,0.9909,0.914
Benign,Tot size <= 3937.95,1.2160808958531228,0.9997,1.0,1.0
Benign,ARP <= 0.01,1.3659130021531372,0.8224,0.8743,0.941
Benign,Std <= 1529.61,0.0001553388502009098,0.9335,0.9952,0.938
Benign,Std > 600.31,0.8756653876473198,0.409,0.1004,4.071
Benign,HTTPS <= 0.95,0.9234771306919242,0.7329,0.925,0.792
Benign,Variance > 6.6,0.9784947485696464,0.9335,0.5574,1.675
Benign,HTTPS > 0.55,1.0725426041719923,0.7011,0.1363,5.143
Benign,Tot size > 861.3,1.1376847445326497,0.2998,0.1556,1.926
Benign,Std <= 2902.86,1.2396384043998903,0.9885,0.9999,0.989
Benign,Max > 361.5,0.8254032286197194,0.6092,0.4342,1.403
Benign,AVG > 140.8,0.8772581719644115,0.5956,0.4271,1.395
Benign,HTTPS > 0.35,0.9388776751017816,0.8294,0.1807,4.589
Benign,Protocol Type <= 11.5,1.014379638811211,0.9208,0.6955,1.324
Benign,Tot sum <= 87255.0,0.00015931486666677597,1.0,0.9016,1.109
Benign,HTTPS > 0.71,0.0005256567975907221,0.5263,0.1071,4.914
Benign,Variance <= 29662.36,1.2283749018137997,0.4658,0.7252,0.642
Benign,Max <= 516.0,1.3185650774777227,0.4389,0.5904,0.743
Benign,cwr_flag_number <= 0.05,1.4267608993681455,0.9982,0.999,0.999
Benign,HTTPS <= 0.78,1.096705883318633,0.4737,0.893,0.53
Benign,Header_Length > 21.62,1.1830394316855462,0.8097,0.2368,3.42
Benign,ICMP <= 0.0,1.2897699056862864,0.9307,0.8421,1.105
Benign,psh_flag_number <= 0.24,1.4272504047596508,0.7529,0.8522,0.883
Benign,syn_flag_number > 0.05,1.017347471024246,0.1228,0.262,0.469
Benign,syn_count > 98.5,0.9758747985008468,0.0,0.1,0.0
Benign,Tot sum > 634.0,1.0171905501846097,0.9964,0.9671,1.03
Benign,Time_To_Live > 63.98,1.0631480642095712,0.8851,0.8261,1.071
Benign,Rate > 34001.9,1.1146697686132405,0.0064,0.1449,0.044
Benign,psh_flag_number <= 0.11,1.1730936648329164,0.5481,0.7803,0.702
Benign,Max <= 173.0,1.2058519620164092,0.167,0.4409,0.379
Benign,ack_flag_number <= 0.1,1.230381931523309,0.0112,0.584,0.019
Benign,Tot size <= 93.85,1.3113101197428996,0.2184,0.4804,0.455
Benign,Std <= 777.21,0.0006874395365466564,0.7302,0.9633,0.758
Benign,Rate > 24.76,0.0008878856080327377,0.9924,0.9863,1.006
Benign,UDP > 0.03,0.0007363171182735975,0.559,0.3862,1.447
Benign,LLC <= 0.97,0.0006219038168678966,0.1776,0.0999,1.778
Benign,Tot sum <= 13579.0,1.343039660321181,0.8382,0.7119,1.177
Benign,Header_Length <= 19.9,1.2890353091147964,0.1255,0.4911,0.256
Benign,Variance <= 486295.11,0.0011516737349405492,0.6537,0.9404,0.695
Benign,Variance <= 201838.1,2.2571297292532986,0.5327,0.7722,0.69
Benign,Rate > 29.46,2.3521120641294537,0.9809,0.9788,1.002
Benign,Std <= 450.93,2.4578546821492484,0.5345,0.7734,0.691
Benign,Tot size <= 89.95,0.7478246510436697,0.1963,0.4707,0.417
Benign,Std <= 981.35,0.7857630935017357,0.8106,0.9775,0.829
Benign,Std <= 1148.93,0.8293834373752279,0.8624,0.9854,0.875
Benign,Variance <= 1477466.88,0.8802242045500996,0.8832,0.9882,0.894
Benign,AVG <= 2611.85,0.9405629200989022,0.9894,0.9987,0.991
Benign,ack_flag_number <= 0.95,0.9760073140619878,0.6267,0.8715,0.719
Benign,psh_flag_number > 0.05,1.0352911529419828,0.732,0.2904,2.52
Benign,Tot sum <= 1344.5,1.1043350834806533,0.3878,0.1769,2.193
Benign,rst_flag_number <= 0.6,1.186289059825456,1.0,0.9486,1.054
Benign,Tot sum > 895.5,1.2757413841087297,0.8082,0.9122,0.886
Benign,Variance <= 7853.14,1.3050948291452682,0.3696,0.6588,0.561
Benign,DNS <= 0.35,1.464206760158112,0.9855,0.9921,0.993
Benign,HTTP <= 1.0,1.3813591515036616,1.0,1.0,1.0
Benign,Header_Length <= 20.1,1.463906802537097,0.1503,0.7146,0.21
Benign,IPv > 0.91,0.00019441349477924985,0.8224,0.9243,0.89
Benign,ack_count <= 5.5,2.037994503777814,0.1485,0.6685,0.222
Benign,Tot sum > 614.5,1.5180394766789573,0.9982,0.9691,1.03
Benign,rst_count > 1.0,0.0004206351212854291,0.0036,0.1166,0.031
Benign,rst_flag_number > 0.25,0.00021031756064271456,0.0009,0.0786,0.012
Benign,ack_count > 8.5,2.3682912272962042,0.5517,0.2408,2.291
Benign,syn_flag_number <= 0.98,0.00021854380160657563,1.0,0.8941,1.118
Benign,Variance > 356343.78,0.00021936642570296176,0.412,0.1064,3.871
Benign,ack_count <= 18.5,0.0011530447751011926,1.0,0.885,1.13
Benign,Max <= 2470.0,0.0009224358200809542,0.7078,0.9503,0.745
Benign,syn_flag_number <= 0.07,0.0006918268650607155,0.8772,0.7407,1.184
Benign,ICMP > 0.07,0.0004612179100404771,0.0693,0.116,0.597
Benign,Time_To_Live > 63.17,0.00023060895502023855,0.9177,0.9019,1.018
Benign,ack_count > 0.5,2.2153404398057326,0.9967,0.5395,1.848
Benign,fin_flag_number > 0.04,0.916431907358859,0.0938,0.1058,0.886
Benign,TCP > 0.75,0.9727029222900325,0.6993,0.4948,1.413
Benign,HTTPS <= 0.45,1.0399907141042486,0.2299,0.8415,0.273
Benign,Variance <= 1548773.62,1.122380322300728,0.889,0.9891,0.899
Benign,Max <= 3472.5,1.2266821015832619,0.8811,0.9877,0.892
Benign,Rate > 171.11,0.8516589927632473,0.494,0.8293,0.596
Benign,AVG <= 1905.55,0.8886045597889526,0.9519,0.9935,0.958
Benign,HTTPS > 0.95,0.9304851348647958,0.2671,0.075,3.563
Benign,AVG <= 1808.1,1.1478160652155474,0.944,0.9931,0.951
Benign,TCP <= 0.79,1.1882129937962727,0.3007,0.5059,0.594
Benign,Tot sum <= 89005.0,1.2658818743055515,1.0,0.91,1.099
Benign,ack_count <= 7.5,1.3592256681952732,0.317,0.7281,0.435
Benign,rst_flag_number <= 0.75,1.3520773498071452,1.0,0.9534,1.049
Benign,DHCP <= 0.25,1.4398796937771725,0.9988,0.9997,0.999
Benign,AVG <= 586.67,1.3854566884556392,0.6152,0.7666,0.803
Benign,Min <= 91.0,0.001064886892771815,0.9208,0.8647,1.065
Benign,Time_To_Live <= 68.7,0.00070992459518121,0.2226,0.7388,0.301
Benign,Rate > 382.0,0.000354962297590605,0.3079,0.7775,0.396
Benign,syn_flag_number <= 0.75,0.0003884156775103066,1.0,0.8734,1.145
Benign,Tot sum > 784.5,1.6181464819495173,0.8666,0.9335,0.928
Benign,Header_Length > 9.8,1.6835003097172714,0.9915,0.654,1.516
Benign,Protocol Type <= 32.0,1.7562659676562689,1.0,0.9235,1.083
Benign,Std <= 395.64,1.8379912056709948,0.5166,0.7608,0.679
Benign,Tot size > 60.04,1.9308218420003636,0.9997,0.6709,1.49
Benign,DHCP <= 0.01,2.167409551717891,0.9909,0.9925,0.998
Benign,Rate > 164.81,1.0219869608906453,0.5051,0.8319,0.607
Benign,Tot size > 789.7,1.3364319121655361,0.3282,0.1722,1.906
Benign,Max <= 67.0,1.145293648641269,0.0544,0.3477,0.157
Benign,HTTP <= 0.05,1.2073712321468542,0.8451,0.8557,0.988
Benign,ack_count <= 0.5,1.283110642651272,0.0033,0.4605,0.007
Benign,UDP <= 0.15,1.04182843351466,0.6434,0.6738,0.955
Benign,syn_count > 2.5,1.0695467158953966,0.0015,0.1882,0.008
Benign,Max <= 124.5,1.1002708409227748,0.0826,0.4149,0.199
Benign,Rate <= 34001.9,1.1345452422164763,0.9936,0.8551,1.162
Benign,ack_count <= 13.0,1.2546322016834952,1.0,0.8826,1.133
Benign,Std > 65.7,1.0584716297204266,0.6924,0.3936,1.759
Benign,Min > 54.5,1.0950378727343915,1.0,0.9567,1.045
Benign,Tot sum > 1344.5,1.1371248431620196,0.6122,0.8231,0.744
Benign,AVG > 142.45,1.3588026634846806,0.5913,0.4257,1.389
Benign,fin_flag_number <= 0.09,1.3642029471183177,0.9062,0.8986,1.009
Benign,rst_count <= 7.5,0.003987149311970607,1.0,0.9232,1.083
Benign,rst_count <= 11.5,0.0032653377985966178,1.0,0.934,1.071
Benign,Std <= 798.16,0.002520611634004407,0.7347,0.9641,0.762
Benign,AVG <= 1715.35,0.0017185988413666409,0.9319,0.9921,0.939
Benign,HTTPS <= 0.13,0.0007780652911651924,0.0765,0.7635,0.1
Benign,Header_Length > 19.9,1.355169825377163,0.8745,0.5089,1.718
Benign,IGMP <= 0.05,1.2273771846502928,0.9961,0.9988,0.997
Benign,Std > 2.21,0.000790404652610984,0.9389,0.561,1.674
Benign,Std > 13.58,1.5410065665637938,0.9165,0.5152,1.779
Benign,HTTPS <= 0.06,0.005636620308437602,0.0493,0.7216,0.068
Benign,Tot size > 71.3,0.004697183590364668,0.9235,0.5726,1.613
Benign,Time_To_Live > 54.4,0.0037577468722917347,0.9822,0.9739,1.008
Benign,Std > 48.16,0.002818310154218801,0.7952,0.4525,1.757
Benign,Rate > 451.32,0.0018788734361458673,0.2786,0.7648,0.364
Benign,Time_To_Live <= 90.7,0.0009394367180729337,0.4223,0.8434,0.501
Benign,SSH <= 0.05,1.330612367630268,0.9758,0.9947,0.981
Benign,Max <= 719.5,1.322372932413407,0.4643,0.7139,0.65
Benign,Rate > 37.02,2.435605718544671,0.9586,0.9677,0.991
Benign,Tot size <= 1667.6,2.503761352143103,0.9238,0.9917,0.932
Benign,syn_flag_number > 0.04,0.0034550212048216475,0.1228,0.2646,0.464
Benign,Rate > 59.81,1.3847446440762405,0.859,0.934,0.92
Benign,Rate > 42.86,1.4022132370163476,0.9344,0.9581,0.975
Benign,Tot size <= 2680.5,1.4221469024720075,0.9897,0.9992,0.99
Benign,Time_To_Live > 53.9,1.4451404315052088,0.9828,0.975,1.008
Benign,HTTPS > 0.06,1.4719780366345747,0.9507,0.2784,3.415
Benign,Rate > 66.32,1.5036466158280595,0.8327,0.923,0.902
Benign,Rate <= 39896.36,2.1652727190839767,0.9943,0.8947,1.111
Benign,Max <= 120.0,1.4597208568720155,0.0796,0.4106,0.194
Benign,ack_flag_number <= 0.45,1.5153143085699468,0.0968,0.6648,0.146
Benign,DHCP <= 0.02,1.455140742835714,0.9909,0.9946,0.996
Benign,Min > 51.0,1.383938798841706,1.0,0.9766,1.024
Benign,Rate <= 100450.35,1.3583441297102359,0.9955,0.9746,1.021
Benign,LLC > 0.89,1.3259478327611423,0.9371,0.9678,0.968
Benign,Variance <= 336787.19,0.0018577594176719572,0.5783,0.8285,0.698
Benign,Tot size <= 3400.9,2.1503195725598796,0.9988,0.9999,0.999
Benign,Time_To_Live > 62.04,2.159196041052784,0.9371,0.9291,1.009
DoS/DDoS,Tot sum > 1963.0,1.4398978200525867,1.0,0.4567,2.19
DoS/DDoS,syn_count <= 16.5,1.5781027908698235,0.7961,1.0,0.796
DoS/DDoS,AVG <= 1254.45,1.1602779437538857,0.9988,0.8752,1.141
DoS/DDoS,ICMP <= 0.95,1.2419206579423885,0.9061,1.0,0.906
DoS/DDoS,Tot size > 65.19,1.3391628290061004,0.438,0.9418,0.465
DoS/DDoS,SSH <= 0.0,1.4583037346949017,0.995,0.9804,1.015
DoS/DDoS,AVG <= 3106.2,1.4775533708981359,1.0,0.9978,1.002
DoS/DDoS,Min > 64.0,1.652508074541949,0.2083,0.5067,0.411
DoS/DDoS,psh_flag_number <= 0.95,1.746042720757287,0.9517,0.9962,0.955
DoS/DDoS,Std <= 1267.27,2.6872983701854833,0.9994,0.9325,1.072
DoS/DDoS,Time_To_Live > 23.1,3.1526241464089626,1.0,0.9991,1.001
DoS/DDoS,ARP <= 0.0,2.1336979217253202,0.8103,0.8044,1.007
DoS/DDoS,Std <= 63.06,0.0003638740586347878,0.7187,0.3367,2.135
DoS/DDoS,ICMP <= 1.0,1.5060182937093896,1.0,1.0,1.0
DoS/DDoS,Tot size <= 417.53,0.0008178254558238544,0.6217,0.6526,0.953
DoS/DDoS,Variance > 2713.89,1.4775306088386033,0.2956,0.7301,0.405
DoS/DDoS,psh_flag_number > 0.14,0.9970608621169162,0.0861,0.459,0.188
DoS/DDoS,Tot size > 91.42,1.0510468822638617,0.4162,0.7632,0.545
DoS/DDoS,Rate <= 65.96,1.112909039398458,0.0007,0.1942,0.004
DoS/DDoS,ack_flag_number <= 0.97,1.1847080336390303,0.9444,0.684,1.381
DoS/DDoS,Tot sum <= 10099.5,1.269397830351676,0.5873,0.8176,0.718
DoS/DDoS,Variance <= 8613.71,1.3714993147809182,0.7492,0.446,1.68
DoS/DDoS,LLC > 0.65,1.4990303819230506,0.9999,0.994,1.006
DoS/DDoS,DNS <= 0.39,0.8855765295891717,0.9999,0.9812,1.019
DoS/DDoS,Variance <= 7902.01,0.00018838091807241842,0.7454,0.436,1.71
DoS/DDoS,Time_To_Live > 63.47,2.5977733589770673,0.8955,0.8473,1.057
DoS/DDoS,Max <= 10430.0,2.8463600358334324,0.9999,0.9958,1.004
DoS/DDoS,LLC > 0.97,1.5911527643191532,0.9592,0.8044,1.192
DoS/DDoS,rst_count > 71.5,0.00018879223012061144,0.0628,0.0,inf
DoS/DDoS,Header_Length > 26.84,1.21658385922687,0.044,0.4935,0.089
DoS/DDoS,Time_To_Live > 78.25,1.300451939927474,0.0175,0.6374,0.027
DoS/DDoS,AVG > 1139.33,1.406792965475001,0.0026,0.1502,0.018
DoS/DDoS,DNS <= 0.0,1.5084255213979136,0.8825,0.8029,1.099
DoS/DDoS,rst_flag_number > 0.8,1.4447925127603183,0.0621,0.0061,10.169
DoS/DDoS,syn_count <= 27.5,1.976761803802717,0.8051,1.0,0.805
DoS/DDoS,Std <= 1.2,1.8799815926693126,0.567,0.097,5.845
DoS/DDoS,IAT <= 0.03,2.0395060460507897,0.9999,0.9344,1.07
DoS/DDoS,ARP > 0.0,2.52047757236925,0.1897,0.1956,0.97
DoS/DDoS,syn_count <= 68.5,1.1023403661880702,0.8222,1.0,0.822
DoS/DDoS,Rate <= 26606.95,1.1844066476755548,0.6991,0.9664,0.723
DoS/DDoS,HTTP <= 0.98,1.2848240547435008,0.962,0.9642,0.998
DoS/DDoS,Header_Length > 0.38,1.4119702195244908,0.8188,1.0,0.819
DoS/DDoS,ARP <= 0.04,1.5821694570521272,0.9828,0.8044,1.222
DoS/DDoS,psh_flag_number <= 0.88,1.2368423583314894,0.9492,0.9936,0.955
DoS/DDoS,Variance > 3015.65,1.3534176070521302,0.2863,0.7077,0.405
DoS/DDoS,AVG > 66.28,1.88097976042689,0.4361,0.9024,0.483
DoS/DDoS,Time_To_Live <= 78.25,1.302303097650663,0.9825,0.3626,2.71
DoS/DDoS,Time_To_Live <= 233.2,0.002013920891969253,1.0,0.9856,1.015
DoS/DDoS,rst_flag_number <= 0.45,1.2732253929530677,0.9296,0.9764,0.952
DoS/DDoS,ack_flag_number > 0.45,1.374223270968876,0.1548,0.7865,0.197
DoS/DDoS,Time_To_Live <= 163.75,1.3815398062220816,0.9997,0.8585,1.164
DoS/DDoS,HTTPS <= 0.85,1.494619064937583,0.975,0.686,1.421
DoS/DDoS,Max <= 1589.0,1.8824463530096665,0.9666,0.8032,1.203
DoS/DDoS,Tot sum > 4294.0,1.6799960947821524,1.0,0.3453,2.896
DoS/DDoS,Tot size > 405.95,1.7549832468686477,0.3787,0.3511,1.079
DoS/DDoS,psh_flag_number <= 0.85,1.8385378486264972,0.9486,0.9936,0.955
DoS/DDoS,Max <= 3468.0,1.9324785397208304,0.9944,0.9299,1.069
DoS/DDoS,rst_count <= 37.5,2.039689500990574,0.9263,1.0,0.926
DoS/DDoS,DNS > 0.01,1.178694491044431,0.0518,0.1971,0.263
DoS/DDoS,IAT <= 0.05,1.261819811535116,0.9999,0.9844,1.016
DoS/DDoS,Time_To_Live > 62.73,2.0695441736457676,0.9659,0.8575,1.126
DoS/DDoS,HTTPS <= 0.62,2.1807748632983546,0.9728,0.546,1.782
DoS/DDoS,AVG <= 70.55,1.3898337810649908,0.5696,0.1137,5.009
DoS/DDoS,Time_To_Live <= 67.08,1.3511486837599065,0.9162,0.2715,3.374
DoS/DDoS,Std > 28.59,0.00023225420321301078,0.3341,0.8301,0.402
DoS/DDoS,Tot size <= 1023.85,2.264948851369439,0.9943,0.8188,1.214
DoS/DDoS,Rate <= 76011.32,2.3263428239342936,0.9779,0.9715,1.007
DoS/DDoS,Rate > 6789.05,2.242776756148947,0.6147,0.0839,7.325
DoS/DDoS,Variance <= 1209252.0,2.452737433854953,0.9984,0.9053,1.103
DoS/DDoS,ack_count > 84.5,0.03215966669615023,0.0707,0.0,inf
DoS/DDoS,Tot sum <= 54928.0,0.03922597803264309,0.6585,1.0,0.659
DoS/DDoS,Variance <= 544590.34,0.00434619730923993,0.9813,0.8042,1.22
DoS/DDoS,TCP > 0.45,2.6479499479393294,0.5231,0.839,0.623
DoS/DDoS,Max > 2920.0,2.789344761255141,0.0297,0.1619,0.184
DoS/DDoS,Variance > 994703.62,2.950165483696586,0.004,0.1161,0.034
DoS/DDoS,HTTP <= 0.22,3.136753615932234,0.9311,0.8896,1.047
DoS/DDoS,Min <= 72.5,3.044330277913458,0.8193,0.8912,0.919
DoS/DDoS,Header_Length > 18.2,2.770219841770139,0.4664,0.8192,0.569
DoS/DDoS,Rate <= 345216.05,3.0063520351552784,0.9997,0.9913,1.009
DoS/DDoS,rst_count <= 71.5,0.005483886434541915,0.9372,1.0,0.937
DoS/DDoS,Min > 72.5,2.6173659953109714,0.1807,0.1088,1.662
DoS/DDoS,Variance > 328116.17,2.77154368193995,0.2027,0.3115,0.651
DoS/DDoS,Rate <= 2770.98,2.1130601950022148,0.2253,0.8741,0.258
DoS/DDoS,ack_count <= 88.5,2.2625701166435923,0.9333,1.0,0.933
DoS/DDoS,fin_count <= 2.5,1.0528149282051569,0.9223,0.9974,0.925
DoS/DDoS,DNS > 0.03,1.3146694022209893,0.0172,0.1971,0.087
DoS/DDoS,Max > 343.5,1.450685445649971,0.4155,0.5702,0.729
DoS/DDoS,Tot size <= 1806.2,1.408925642662793,1.0,0.9628,1.039
DoS/DDoS,Min > 57.0,1.4240149665877875,0.9934,0.9408,1.056
DoS/DDoS,LLC > 0.82,1.5190615052596215,0.9993,0.9238,1.082
DoS/DDoS,Time_To_Live > 50.9,0.0017340915951819125,0.9997,0.9703,1.03
DoS/DDoS,Tot sum <= 665.5,2.851806447574734,0.0,0.0987,0.0
DoS/DDoS,Tot sum <= 667.5,3.005754435363314,0.0,0.0989,0.0
DoS/DDoS,Variance <= 994703.62,3.1832452270380105,0.996,0.8839,1.127
DoS/DDoS,Tot size <= 135.65,0.002724119695182592,0.5935,0.457,1.299
DoS/DDoS,Max > 1494.5,2.4574801661024046,0.2208,0.3531,0.625
DoS/DDoS,Max <= 2147.5,0.010187102601613414,0.9678,0.813,1.19
DoS/DDoS,Tot size > 65.75,0.0003597609381528573,0.4366,0.9372,0.466
DoS/DDoS,AVG > 1155.52,1.0240435409332787,0.0025,0.1488,0.017
DoS/DDoS,Max <= 5794.0,1.0630243829927202,0.9984,0.9729,1.026
DoS/DDoS,Variance <= 5373960.25,1.107247197406874,1.0,0.9872,1.013
DoS/DDoS,Time_To_Live > 55.25,1.1579129504553767,0.9993,0.9487,1.053
DoS/DDoS,syn_flag_number <= 0.18,1.516785130841091,0.7975,0.9084,0.878
DoS/DDoS,AVG > 1095.3,1.3722158189351799,0.0032,0.1587,0.02
DoS/DDoS,ARP <= 0.15,0.00042090932931755783,0.999,0.9238,1.081
DoS/DDoS,DHCP <= 0.15,2.4122969407861676,1.0,0.9971,1.003
DoS/DDoS,Max > 369.5,1.4315841871667483,0.412,0.5364,0.768
DoS/DDoS,Rate > 1511.89,2.1946905918154265,0.8733,0.1713,5.097
DoS/DDoS,Time_To_Live > 56.72,1.10962355659109,0.9988,0.9341,1.069
DoS/DDoS,HTTPS <= 0.38,1.1528698171669496,0.967,0.3615,2.675
DoS/DDoS,DNS <= 0.01,1.2029281444890134,0.9482,0.8029,1.181
DoS/DDoS,AVG <= 3036.5,1.0943358927754825,1.0,0.9977,1.002
DoS/DDoS,psh_flag_number > 0.09,1.1366416710467255,0.0935,0.6924,0.135
DoS/DDoS,syn_count <= 40.5,1.185412058189485,0.8141,1.0,0.814
DoS/DDoS,Time_To_Live <= 180.95,1.2424568086064394,0.9997,0.8991,1.112
DoS/DDoS,rst_flag_number <= 0.31,1.3104843324314066,0.9218,0.97,0.95
DoS/DDoS,Variance > 506013.73,1.2121985918339846,0.02,0.2213,0.09
DoS/DDoS,Rate > 42.76,0.0005174305566268611,0.9997,0.9062,1.103
DoS/DDoS,HTTP > 0.02,2.3043528452347104,0.0787,0.2212,0.356
DoS/DDoS,ack_count <= 83.5,2.4756175861786787,0.9283,1.0,0.928
DoS/DDoS,Header_Length > 18.48,1.5505960728298296,0.4663,0.808,0.577
DoS/DDoS,Std > 610.57,0.0005859825646590365,0.0387,0.2773,0.14
DoS/DDoS,Variance <= 328116.17,2.794815161046044,0.7973,0.6885,1.158
DoS/DDoS,Rate <= 1511.89,2.201321170855519,0.1267,0.8287,0.153
DoS/DDoS,Max <= 1494.5,2.4825836065808224,0.7792,0.6469,1.205
DoS/DDoS,Tot sum > 751.5,2.2781017572745865,1.0,0.8576,1.166
DoS/DDoS,fin_flag_number <= 0.99,2.3898788928207106,0.9535,1.0,0.953
DoS/DDoS,ack_count <= 84.5,2.6833286131677,0.9293,1.0,0.929
DoS/DDoS,LLC > 0.91,1.469819149391622,0.996,0.8044,1.238
DoS/DDoS,Rate <= 50012.57,1.40793413015418,0.9401,0.9705,0.969
DoS/DDoS,Max <= 13340.5,1.8515030098955363,1.0,0.9987,1.001
DoS/DDoS,fin_flag_number <= 0.13,1.970387005538778,0.9386,0.9594,0.978
DoS/DDoS,Header_Length <= 10.3,0.0300809649726859,0.5131,0.0489,10.5
DoS/DDoS,Tot sum > 54928.0,0.032625976769041325,0.3415,0.0,inf
DoS/DDoS,Time_To_Live <= 80.88,0.03787400512337653,0.985,0.4013,2.455
DoS/DDoS,Time_To_Live <= 144.8,1.425371913792488,0.9993,0.8096,1.234
DoS/DDoS,Variance <= 2073745.44,2.625986670510967,0.9999,0.9535,1.049
DoS/DDoS,DNS <= 0.03,1.4416096916640637,0.9828,0.8029,1.224
DoS/DDoS,ece_flag_number <= 0.0,1.5731910752991383,0.9984,0.9971,1.001
DoS/DDoS,Max > 59.0,1.5878066937717623,1.0,0.9994,1.001
DoS/DDoS,psh_flag_number <= 0.7,1.5151577653960324,0.946,0.9895,0.956
DoS/DDoS,Variance > 8613.71,1.5091141521777909,0.2508,0.554,0.453
DoS/DDoS,rst_flag_number <= 0.8,1.591715289507358,0.9379,0.9939,0.944
DoS/DDoS,Tot size <= 1180.1,2.0080693906442613,0.9976,0.8535,1.169
DoS/DDoS,ack_flag_number > 0.2,0.9481993291693521,0.174,0.8887,0.196
DoS/DDoS,Min <= 222.5,0.005034802229923133,0.8753,0.952,0.919
DoS/DDoS,Variance <= 3015.65,1.5538027891190622,0.7137,0.2923,2.442
DoS/DDoS,rst_count <= 75.5,2.3014566105752166,0.9374,1.0,0.937
DoS/DDoS,Min <= 505.5,2.373700074015127,0.914,0.9549,0.957
DoS/DDoS,Tot sum > 556.0,2.3250677902616497,1.0,0.9985,1.001
DoS/DDoS,psh_flag_number <= 0.27,2.1642514188519515,0.9291,0.7323,1.269
DoS/DDoS,AVG <= 2845.5,1.2597917684431368,1.0,0.9962,1.004
DoS/DDoS,rst_count <= 17.5,3.2274232663054714,0.9086,1.0,0.909
DoS/DDoS,Tot sum > 667.5,3.206690765832664,1.0,0.9011,1.11
DoS/DDoS,Tot size <= 1859.12,3.039901488853837,1.0,0.9658,1.035
DoS/DDoS,Time_To_Live <= 81.01,0.03332084603750613,0.9851,0.4046,2.435
DoS/DDoS,Tot size <= 1390.95,0.028684902240983533,0.9994,0.9011,1.109
DoS/DDoS,Time_To_Live <= 81.64,0.023904085200819613,0.9862,0.4132,2.387
DoS/DDoS,Rate <= 104440.07,0.018833521673373026,0.9891,0.9727,1.017
DoS/DDoS,Time_To_Live <= 89.05,0.01303859192771979,0.9907,0.4865,2.037
DoS/DDoS,HTTP <= 0.99,3.1133202048943547,0.9694,0.9642,1.005
DoS/DDoS,AVG > 54.4,2.632160783613519,1.0,0.9993,1.001
DoS/DDoS,Std <= 2264.37,2.3608031819003856,1.0,0.9859,1.014
DoS/DDoS,Std <= 2727.3,2.0002319837673155,1.0,0.9932,1.007
Reconnaissance,AVG > 94.35,1.5367109054004702,0.6402,0.5687,1.126
Reconnaissance,syn_count <= 40.0,1.633510656312889,1.0,0.8905,1.123
Reconnaissance,Tot size > 70.6,1.7956860298346329,0.7967,0.6337,1.257
Reconnaissance,AVG <= 74.44,1.8116822609875542,0.2238,0.3781,0.592
Reconnaissance,HTTPS <= 0.99,1.9950735695484914,0.943,0.8702,1.084
Reconnaissance,fin_count <= 4.5,1.786564041315108,0.9995,0.9588,1.042
Reconnaissance,Header_Length <= 34.34,0.0009238068602415977,0.9808,0.9761,1.005
Reconnaissance,Std <= 586.21,0.0007698390502013314,0.8771,0.7764,1.13
Reconnaissance,Variance <= 343669.31,0.000615871240161065,0.8771,0.7766,1.129
Reconnaissance,Variance <= 3115267.62,0.00046190343012079884,0.9921,0.9847,1.007
Reconnaissance,Time_To_Live <= 63.82,0.0003079356200805325,0.2023,0.1376,1.471
Reconnaissance,Tot sum <= 93508.0,0.00015396781004026625,1.0,0.9722,1.029
Reconnaissance,AVG > 65.85,0.00015396781004026625,0.8336,0.6613,1.261
Reconnaissance,HTTPS > 0.34,1.6186916098340072,0.3612,0.3334,1.083
Reconnaissance,Tot size > 135.65,0.0008785625349403618,0.3393,0.5004,0.678
Reconnaissance,Variance > 7189.01,1.6345928313829796,0.4294,0.4157,1.033
Reconnaissance,ack_flag_number > 0.34,0.00038252020481953955,0.7696,0.4562,1.687
Reconnaissance,Tot size <= 64.5,0.00017247685220895368,0.1584,0.3343,0.474
Reconnaissance,Header_Length > 19.62,1.1054506578969583,0.7178,0.6043,1.188
Reconnaissance,rst_count <= 34.5,2.196337098282827,1.0,0.9555,1.047
Reconnaissance,rst_count > 61.0,0.0001816628212852652,0.0,0.0383,0.0
Reconnaissance,psh_flag_number > 0.19,1.6575612544066893,0.5159,0.2258,2.284
Reconnaissance,Time_To_Live <= 89.75,1.7567852173286966,0.5505,0.7745,0.711
Reconnaissance,Max <= 420.5,1.8162799843428623,0.6864,0.507,1.354
Reconnaissance,rst_flag_number <= 0.12,1.7309526734786649,0.8509,0.9402,0.905
Reconnaissance,Tot size <= 70.6,1.903891728640651,0.2033,0.3663,0.555
Reconnaissance,HTTPS <= 0.34,1.9439941168748576,0.6388,0.6666,0.958
Reconnaissance,Number > 55.0,0.9609167533877248,0.0,0.588,0.0
Reconnaissance,Max > 1261.0,1.0305104482415635,0.1607,0.3384,0.475
Reconnaissance,Tot size > 152.6,1.1157018071691827,0.2808,0.4855,0.578
Reconnaissance,ICMP <= 0.14,1.2235136097335222,0.9776,0.9249,1.057
Reconnaissance,ack_flag_number <= 0.11,1.3673386934158993,0.0953,0.511,0.187
Reconnaissance,HTTP <= 0.92,0.0015706636080332062,0.972,0.9524,1.021
Reconnaissance,Variance <= 587756.41,0.0013743306570290553,0.9117,0.9053,1.007
Reconnaissance,Tot sum <= 93960.0,0.0011779977060249046,1.0,0.9864,1.014
Reconnaissance,syn_flag_number <= 0.46,0.0009816647550207537,0.885,0.8918,0.992
Reconnaissance,UDP <= 0.44,0.0007853318040166031,0.8206,0.7931,1.035
Reconnaissance,Tot sum > 1044.5,0.0005889988530124523,0.5509,0.8945,0.616
Reconnaissance,fin_count > 2.5,0.00039266590200830154,0.0061,0.0462,0.131
Reconnaissance,AVG <= 469.15,0.00019633295100415077,0.885,0.5995,1.476
Reconnaissance,ICMP > 0.14,0.0006128549518076494,0.0224,0.0751,0.299
Reconnaissance,DNS <= 0.11,0.00040856996787176625,0.8388,0.966,0.868
Reconnaissance,Tot sum > 49874.0,0.00020428498393588313,0.0,0.218,0.0
Reconnaissance,Rate <= 33955.21,1.1612430954549227,0.9631,0.8742,1.102
Reconnaissance,ICMP <= 0.06,1.2255697199309628,0.8785,0.8983,0.978
Reconnaissance,Header_Length > 17.0,1.2996986454745365,0.8164,0.6263,1.304
Reconnaissance,Variance <= 865.58,1.3864715580220464,0.2327,0.4561,0.51
Reconnaissance,Std <= 52.09,1.4902621322644516,0.3458,0.5117,0.676
Reconnaissance,Min <= 77.5,1.3949584712840406,0.9748,0.8439,1.155
Reconnaissance,IPv > 0.88,1.4923807000914033,0.8893,0.9737,0.913
Reconnaissance,DNS <= 0.16,1.6098894381676023,0.8388,0.9667,0.868
Reconnaissance,HTTP <= 0.01,1.7555554530171447,0.6192,0.8882,0.697
Reconnaissance,DNS <= 0.45,0.008857399301813305,0.993,0.9984,0.995
Reconnaissance,AVG > 572.81,0.000288192641767266,0.0991,0.3311,0.299
Reconnaissance,Header_Length > 20.6,2.758031215635643,0.6575,0.3552,1.851
Reconnaissance,Max > 91.5,1.8164114101522957,0.8182,0.6642,1.232
Reconnaissance,Variance <= 1866.54,1.9252754109259604,0.2836,0.4817,0.589
Reconnaissance,Time_To_Live <= 98.55,2.3556795504397976,0.6397,0.8075,0.792
Reconnaissance,IRC <= 0.05,2.3317138221379174,0.9972,0.9997,0.998
Reconnaissance,IGMP <= 0.06,1.8028922961391034,0.9953,0.9987,0.997
Reconnaissance,HTTP <= 0.25,1.9328659332050666,0.8201,0.9271,0.885
Reconnaissance,AVG > 70.55,1.4561933751284994,0.7977,0.6341,1.258
Reconnaissance,Std <= 13.58,0.0014888125104427885,0.1935,0.4238,0.457
Reconnaissance,Protocol Type > 11.5,0.0015352907718886035,0.1495,0.2687,0.557
Reconnaissance,Variance <= 7189.01,1.65338224468785,0.5706,0.5843,0.976
Reconnaissance,AVG <= 102.35,1.1575603273928192,0.4308,0.4478,0.962
Reconnaissance,SSH <= 0.25,1.2561726928603112,0.9986,0.9997,0.999
Reconnaissance,AVG <= 1970.0,0.00045833872570312566,0.9879,0.9856,1.002
Reconnaissance,AVG <= 572.81,0.002508043765865175,0.9009,0.6689,1.347
Reconnaissance,AVG > 644.55,1.6622917247774414,0.0907,0.2662,0.341
Reconnaissance,Tot sum > 3659.0,1.1202200765183363,0.1393,0.7807,0.178
Reconnaissance,Variance > 378788.98,1.1801969251775932,0.1136,0.1633,0.695
Reconnaissance,Variance > 448659.94,0.0005889988530124523,0.1089,0.1494,0.729
Reconnaissance,ARP <= 0.35,1.3986016270530128,0.9869,0.9988,0.988
Reconnaissance,Variance > 2762.47,1.4596410744326156,0.6467,0.4853,1.333
Reconnaissance,Std > 52.09,1.5316978539329515,0.6542,0.4883,1.34
Reconnaissance,AVG > 98.38,1.4042080948810642,0.6126,0.5605,1.093
Reconnaissance,Time_To_Live <= 121.8,1.4652063080030027,0.815,0.8688,0.938
Reconnaissance,UDP <= 0.92,1.4529786889806864,0.9939,0.8845,1.124
Reconnaissance,syn_count <= 45.5,1.5150689540027305,1.0,0.8916,1.122
Reconnaissance,Rate <= 37203.34,1.5898745220361157,0.964,0.8958,1.076
Reconnaissance,fin_count <= 27.5,1.6825697892029692,1.0,0.9659,1.035
Reconnaissance,Variance <= 378788.98,1.5407410215312982,0.8864,0.8367,1.059
Reconnaissance,Max <= 87.5,0.0013789921935752434,0.1804,0.3324,0.543
Reconnaissance,psh_flag_number <= 0.19,1.7360568414856623,0.4841,0.7742,0.625
Reconnaissance,Time_To_Live > 45.15,1.8563279516218176,0.9836,0.9979,0.986
Reconnaissance,Header_Length <= 36.76,1.8851035042379012,0.9832,0.9809,1.002
Reconnaissance,Max <= 91.5,1.9038406930548222,0.1818,0.3358,0.541
Reconnaissance,Std <= 43.13,1.7688808145601047,0.2836,0.4817,0.589
Reconnaissance,Protocol Type > 3.5,1.7826391825437842,0.9869,0.9306,1.06
Reconnaissance,Rate > 62.81,1.798395876106139,0.7294,0.9422,0.774
Reconnaissance,Variance <= 2336.82,1.9299694171357065,0.3126,0.4933,0.634
Reconnaissance,Tot sum > 1920.5,2.1904370229345633,0.2276,0.8212,0.277
Reconnaissance,AVG <= 1095.3,1.4289192325821973,0.9584,0.9112,1.052
Reconnaissance,HTTP <= 0.31,0.030206448335261687,0.8813,0.9348,0.943
Reconnaissance,DNS <= 0.2,0.022374050082880147,0.9537,0.9872,0.966
Reconnaissance,Rate <= 294340.75,2.1615794719768835,0.9804,0.9925,0.988
Reconnaissance,psh_flag_number <= 0.3,0.004307808184741911,0.8458,0.9007,0.939
Spoofing,IAT <= 0.08,1.5065482505136887,0.9986,0.9994,0.999
Spoofing,syn_flag_number <= 0.01,1.5014338999305712,0.9287,0.7356,1.262
Spoofing,ack_flag_number > 0.82,1.6240702839371683,0.521,0.231,2.256
Spoofing,Header_Length <= 36.96,1.776715976841121,0.9168,0.9895,0.927
Spoofing,AVG <= 1383.95,2.533621120622801,0.8916,0.9562,0.932
Spoofing,ICMP <= 0.02,1.451084725656318,0.9266,0.8839,1.048
Spoofing,fin_flag_number <= 0.15,2.6932996700955028,0.9909,0.9446,1.049
Spoofing,Telnet <= 0.0,2.0994669175209735,1.0,0.9989,1.001
Spoofing,Max > 705.5,1.28226575329318,0.6371,0.3137,2.031
Spoofing,Min <= 61.0,2.179764396161115,0.3727,0.6676,0.558
Spoofing,DNS <= 0.65,2.6884973848273788,0.9986,0.9996,0.999
Spoofing,Rate <= 736749.88,2.7125778327285426,0.9993,0.9994,1.0
Spoofing,Time_To_Live <= 195.55,2.733579631161952,0.9133,0.965,0.946
Spoofing,ece_flag_number <= 0.02,2.747253908336344,0.9944,0.9989,0.995
Spoofing,rst_flag_number > 0.74,1.8422486025562308,0.0,0.0395,0.0
Spoofing,Rate <= 47765.68,1.9605207859949554,0.9175,0.9524,0.963
Spoofing,ack_flag_number <= 1.0,2.0995019697554542,1.0,1.0,1.0
Spoofing,Tot sum <= 6311.5,1.2209065975138749,0.6091,0.6355,0.959
Spoofing,AVG <= 62.6,1.3051822539484992,0.0126,0.3327,0.038
Spoofing,LLC <= 1.0,1.4046044586773079,1.0,1.0,1.0
Spoofing,rst_flag_number > 0.99,0.00015204835381536536,0.0,0.0295,0.0
Spoofing,syn_count <= 1.5,2.2976190159061933,0.9839,0.8106,1.214
Spoofing,DNS <= 0.15,2.0594826473432244,0.9252,0.9492,0.975
Spoofing,Rate > 264.68,1.6249316034657437,0.658,0.7051,0.933
Spoofing,syn_flag_number <= 0.95,1.7143755374985559,1.0,0.9026,1.108
Spoofing,Rate <= 4187.46,1.2294075598530227,0.7517,0.5804,1.295
Spoofing,Header_Length > 0.04,1.3218605014088451,1.0,0.9262,1.08
Spoofing,fin_flag_number <= 0.04,1.4216827543516313,0.9503,0.8908,1.067
Spoofing,Min > 59.0,1.3689936359795754,0.7056,0.9942,0.71
Spoofing,ICMP <= 0.94,1.6848644297795075,1.0,0.9456,1.058
Spoofing,Time_To_Live <= 137.3,1.0994097679396997,0.8294,0.9033,0.918
Spoofing,syn_flag_number <= 0.02,1.188252202073493,0.9287,0.7459,1.245
Spoofing,DNS > 0.02,1.29858216103275,0.1126,0.1114,1.01
Spoofing,fin_flag_number <= 0.01,1.4433098150749286,0.9503,0.8801,1.08
Spoofing,IAT <= 0.01,1.6632899751130503,0.8,0.8098,0.988
Spoofing,Std <= 708.14,1.382192806043336,0.8329,0.8828,0.943
Spoofing,Time_To_Live > 136.1,1.1162949904314594,0.1783,0.0993,1.795
Spoofing,LLC > 0.94,1.2403058765893522,0.8706,0.8987,0.969
Spoofing,syn_flag_number <= 0.05,1.4094982346974645,0.9287,0.7533,1.233
Spoofing,Time_To_Live > 105.95,2.3523975703258153,0.2979,0.1748,1.705
Spoofing,Rate <= 377987.94,2.504681708425033,0.9881,0.9976,0.99
Spoofing,Max > 136.0,2.7676839886445808,0.8741,0.6391,1.368
Spoofing,fin_count <= 1.5,2.9331871963389067,0.9909,0.9288,1.067
Spoofing,ack_flag_number > 0.55,1.2171567591220616,0.6552,0.383,1.711
Spoofing,rst_count <= 2.5,1.4959998115883377,0.9965,0.9116,1.093
Spoofing,IAT > 0.01,1.2176419273036556,0.2,0.1902,1.052
Spoofing,Rate > 17.92,2.0919341426899574,0.9909,0.997,0.994
Spoofing,Header_Length > 6.24,2.239703981841532,0.9958,0.8359,1.191
Spoofing,IPv <= 0.94,2.4136978070911295,0.1294,0.1013,1.277
Spoofing,ack_flag_number <= 0.98,2.6235826889440323,0.5615,0.8444,0.665
Spoofing,Time_To_Live > 63.82,1.745597514817237,0.7524,0.864,0.871
Spoofing,Variance <= 1423311.38,1.9396803459694216,0.965,0.9607,1.005
Spoofing,Tot sum <= 1110.5,1.3605890977828197,0.2434,0.1698,1.433
Spoofing,IAT > 0.0,1.5818204814665833,1.0,1.0,1.0
Spoofing,AVG > 1223.3,1.9176208353511355,0.149,0.0612,2.434
Spoofing,Rate > 257.55,2.0158975804534056,0.6636,0.7076,0.938
Spoofing,AVG > 1126.5,2.1256849506949256,0.179,0.0663,2.699
Spoofing,Rate > 135.98,2.2494450311700236,0.7657,0.7788,0.983
Spoofing,Rate > 133.48,2.505238590499756,0.7699,0.7816,0.985
Spoofing,Header_Length <= 33.0,1.2698897866727432,0.9042,0.9783,0.924
Spoofing,rst_count <= 0.5,1.3919772859529032,0.9797,0.8838,1.109
Spoofing,Time_To_Live > 111.35,1.5714506418812482,0.279,0.1652,1.689
Spoofing,Variance <= 211346.09,1.741939856002172,0.628,0.7378,0.851
Spoofing,DNS <= 0.19,1.649175340814688,0.9252,0.9493,0.975
Spoofing,HTTPS <= 0.71,0.0031095190843394827,0.5329,0.8217,0.648
Spoofing,Tot size <= 3985.2,1.5196748701510805,1.0,1.0,1.0
Spoofing,Rate > 308.9,2.052677464441558,0.6287,0.6922,0.908
Spoofing,Tot sum > 13869.0,2.1869088900085942,0.1077,0.2682,0.402
Spoofing,AVG > 1382.0,2.3434534237976123,0.1084,0.0439,2.471
Spoofing,HTTP <= 0.02,2.529739999443717,0.8643,0.8479,1.019
Spoofing,psh_flag_number <= 0.75,1.5404680721027457,0.9615,0.9692,0.992
Spoofing,Variance > 195898.76,1.9270493732103269,0.4252,0.274,1.552
Spoofing,Max > 225.5,2.0257809021481585,0.7846,0.556,1.411
Spoofing,AVG <= 1126.5,2.136171434560448,0.821,0.9337,0.879
Spoofing,AVG <= 1119.3,1.270206917623791,0.8196,0.9333,0.878
Spoofing,Rate <= 15620.09,2.441126960833612,0.8909,0.7422,1.2
Spoofing,rst_count > 0.5,2.540483926643694,0.0203,0.1162,0.175
Spoofing,syn_flag_number <= 0.78,2.6498684137381057,1.0,0.8935,1.119
Spoofing,Rate <= 28316.94,2.7724531868122106,0.9119,0.8399,1.086
Spoofing,Rate > 51.68,0.8278346429220474,0.9133,0.9333,0.979
Spoofing,Time_To_Live > 87.15,0.8638978324535131,0.4608,0.2525,1.825
Spoofing,Std > 38.02,0.9041822546976723,0.7706,0.5334,1.445
Spoofing,ack_count > 4.5,0.949539182459416,0.6958,0.4712,1.477
Spoofing,Rate <= 6095.94,1.0010888631922001,0.7972,0.6224,1.281
Spoofing,AVG > 103.4,1.0603500178266754,0.7776,0.5263,1.478
Spoofing,Std <= 276.33,1.129467403551359,0.4734,0.7071,0.67
Spoofing,UDP <= 0.57,1.211679196283338,0.735,0.8661,0.849
Spoofing,fin_flag_number <= 0.02,2.4773128012834236,0.9503,0.8864,1.072
Spoofing,syn_flag_number <= 0.16,1.0190946933047256,0.9839,0.8373,1.175
Spoofing,AVG <= 230.2,1.106143447756578,0.4112,0.616,0.668
Spoofing,HTTP <= 0.45,1.216232952244379,0.9238,0.935,0.988
Spoofing,psh_flag_number <= 0.45,1.363033046439524,0.8776,0.9408,0.933
Spoofing,ack_flag_number > 0.39,1.0207442336836308,0.7266,0.4775,1.522
Spoofing,Header_Length > 11.68,1.107842872592577,0.7769,0.6934,1.12
Spoofing,Header_Length <= 28.54,1.2187498502122625,0.5329,0.7992,0.667
Spoofing,ack_count <= 63.0,0.0001701460839358597,1.0,0.947,1.056
Spoofing,fin_count > 98.5,1.4234577098291004,0.0,0.0302,0.0
Spoofing,ack_count <= 14.0,1.5183242675144246,1.0,0.9011,1.11
Spoofing,HTTP <= 0.0,1.6311239563645046,0.8643,0.8328,1.038
Spoofing,Header_Length <= 20.16,1.293795411907464,0.3699,0.6091,0.607
Spoofing,Variance <= 27.27,1.361971966742369,0.1615,0.3941,0.41
Spoofing,Std <= 0.8,1.4393972735767526,0.1294,0.3496,0.37
Spoofing,rst_count > 75.5,1.5283319183882333,0.0,0.0347,0.0
Spoofing,Header_Length <= 26.58,1.6319654290575252,0.4818,0.7568,0.637
Spoofing,Max <= 75.5,1.755069813735699,0.058,0.3258,0.178
Spoofing,rst_count > 50.5,1.9055179874378227,0.0,0.0381,0.0
Spoofing,DHCP <= 0.0,2.058938920936145,0.9916,0.9881,1.004
Spoofing,Std <= 576.73,1.171566747544838,0.6776,0.7606,0.891
Spoofing,Max <= 5030.0,1.25500479952889,0.9965,0.9811,1.016
Spoofing,Time_To_Live <= 99.85,1.3621034643087693,0.6629,0.8061,0.822
Spoofing,Rate > 46.57,0.015422777884101228,0.9196,0.946,0.972
Spoofing,Time_To_Live <= 118.05,1.36910076275223,0.7566,0.8617,0.878
Spoofing,TCP > 0.64,1.2135015251033758,0.6413,0.5824,1.101
Spoofing,AVG <= 363.55,1.2870132857010985,0.4923,0.6426,0.766
Spoofing,Time_To_Live <= 116.55,1.3718854030036851,0.7448,0.8572,0.869
Spoofing,AVG <= 675.3,1.4712766082992674,0.6573,0.7847,0.838
Spoofing,HTTPS > 0.12,1.589855176251477,0.6888,0.3696,1.864
Spoofing,Min > 61.0,1.3936788901141581,0.6273,0.3324,1.887
Spoofing,Rate > 2874.22,1.8724900757242606,0.2895,0.463,0.625
Spoofing,Rate <= 26123.79,0.008311320840484741,0.9105,0.8209,1.109
Spoofing,Tot sum <= 58678.0,0.008606971120445471,1.0,0.8719,1.147
Spoofing,Header_Length > 0.32,0.009009864289607646,1.0,0.8995,1.112
Spoofing,Rate <= 29551.98,0.009566289305736784,0.9126,0.8507,1.073
Spoofing,Time_To_Live <= 94.88,0.010129100529991969,0.6154,0.778,0.791
Spoofing,Tot size > 133.55,0.011310382094827036,0.7,0.4525,1.547
Spoofing,Max <= 205.0,1.2171122719390217,0.1769,0.413,0.428
Spoofing,Variance <= 2817.4,1.363715770147373,0.2692,0.5173,0.52
Spoofing,Variance <= 3035.84,1.219570099454781,0.2804,0.5281,0.531
Spoofing,DNS <= 0.06,1.3650169729498336,0.8874,0.8992,0.987
Spoofing,Time_To_Live > 169.85,2.133946811538863,0.1112,0.0535,2.078
Spoofing,Time_To_Live > 164.35,2.205952274604042,0.1217,0.0623,1.952
Spoofing,ack_count > 7.5,2.2835145539924775,0.5825,0.3467,1.68
Spoofing,Rate <= 105769.88,1.3054827761304737,0.921,0.988,0.932
Spoofing,Rate <= 55141.06,1.2176538837061512,0.9189,0.9684,0.949
Spoofing,Tot size <= 63.19,1.3640432935483506,0.0133,0.3363,0.04
Spoofing,Header_Length <= 20.3,1.4995297300713455,0.3699,0.6163,0.6
Spoofing,Time_To_Live <= 64.56,1.6020396856787757,0.3811,0.53,0.719
Spoofing,AVG <= 66.48,1.7235146540370063,0.0671,0.3607,0.186
Spoofing,rst_count > 30.5,1.871143240209282,0.0,0.0436,0.0
Spoofing,syn_flag_number <= 0.04,0.006648242290968417,0.9287,0.7511,1.236
Spoofing,ICMP > 0.99,1.363906585434456,0.0,0.0311,0.0
Spoofing,Min <= 76.0,1.3772407707462202,0.7406,0.8778,0.844
Spoofing,syn_count <= 0.5,1.5401752236027224,0.9287,0.6986,1.329
Spoofing,AVG <= 923.49,1.363261571578309,0.7462,0.871,0.857
Spoofing,Header_Length <= 1.35,1.5268445576471552,0.0,0.1207,0.0
Spoofing,Time_To_Live > 63.62,1.6858376299378783,0.7524,0.8733,0.862
Spoofing,UDP <= 0.04,2.650242110505849,0.4874,0.5874,0.83
Spoofing,fin_flag_number <= 0.0,1.1183802392062026,0.9503,0.8595,1.106
Spoofing,Time_To_Live > 63.92,1.2184383955648237,0.7517,0.8542,0.88
Spoofing,UDP <= 0.0,1.3485191187485268,0.4874,0.5096,0.957
Spoofing,Header_Length <= 0.32,0.009032855178968135,0.0,0.1005,0.0
Spoofing,Std <= 2.03,0.010148749820560925,0.1371,0.3709,0.37
Spoofing,Std <= 60.56,1.0463488158187648,0.2958,0.5453,0.542
Spoofing,Tot size <= 216.6,1.1105420611114425,0.3909,0.611,0.64
Spoofing,DHCP <= 0.05,1.3185118825244726,0.9916,0.9945,0.997
Spoofing,Header_Length > 13.8,1.300883698016788,0.751,0.6783,1.107
Spoofing,Tot sum > 633.0,1.464790915568246,0.986,0.9728,1.014
Spoofing,Min <= 82.0,1.7806830286982132,0.7685,0.8836,0.87
Spoofing,Rate > 181.63,1.886468123544277,0.7266,0.7427,0.978
Spoofing,ack_count > 5.5,2.0104615731338344,0.6545,0.4342,1.507
Spoofing,Time_To_Live > 98.55,2.205955893125589,0.358,0.2025,1.769
Spoofing,rst_count <= 1.5,2.327337029135223,0.993,0.9011,1.102
Spoofing,Variance <= 2764.82,2.466138297820513,0.2692,0.5152,0.523
Spoofing,HTTP <= 0.83,1.2190724010918506,0.9392,0.9512,0.987
Spoofing,ack_count > 89.0,1.3649559844969208,0.0,0.0363,0.0
Spoofing,Tot sum <= 91829.5,2.5759748870993526,1.0,0.948,1.055
Spoofing,Std <= 49.56,2.5060305518520565,0.2545,0.4981,0.511
Spoofing,Header_Length <= 32.34,2.638315961955177,0.8965,0.9717,0.923
Spoofing,Variance <= 1390442.31,0.0031228181738977246,0.9594,0.9588,1.001
Spoofing,Time_To_Live > 61.0,0.9544112143199615,0.8,0.9548,0.838
Spoofing,Time_To_Live > 60.25,1.0238986303158288,0.8189,0.9584,0.854
Spoofing,Tot sum > 941.5,1.1091745627013538,0.8119,0.8779,0.925
Spoofing,Tot sum <= 6350.0,1.780621953974107,0.6098,0.6359,0.959
Spoofing,Rate > 11556.01,1.9100836182801986,0.1406,0.302,0.465
Spoofing,Rate > 11452.3,2.065911736773746,0.1406,0.3033,0.463
Spoofing,HTTPS <= 1.0,2.2613159566870826,1.0,1.0,1.0
Spoofing,rst_flag_number > 0.09,1.9086045747274623,0.0203,0.0934,0.217
Spoofing,Rate <= 25360.89,1.037087029446047,0.9105,0.8148,1.117
Spoofing,TCP <= 0.99,0.9974584131271682,0.5503,0.645,0.853
Spoofing,Variance <= 369789.41,1.0487225835973195,0.7315,0.8479,0.863
Spoofing,Variance <= 379943.89,1.1069389423102383,0.7392,0.8571,0.862
Spoofing,Rate > 1328.15,1.173756030859921,0.3727,0.5551,0.672
Spoofing,Time_To_Live > 47.95,1.25150291870075,0.9867,0.9937,0.993
Spoofing,psh_flag_number <= 0.56,0.0009249036923701126,0.9161,0.9588,0.955
Spoofing,ARP <= 0.03,1.1953799254756654,0.8706,0.8916,0.976
Spoofing,Max > 389.5,1.3376170967455923,0.679,0.4457,1.524
Spoofing,HTTPS <= 0.86,1.7951575242790367,0.5888,0.8578,0.686
Spoofing,IRC <= 0.0,1.1876499776958316,0.9986,0.9984,1.0
Spoofing,ack_count <= 79.5,0.9535761209650332,1.0,0.9566,1.045
Spoofing,syn_count <= 25.5,1.0245697764755146,1.0,0.8907,1.123
Spoofing,Header_Length <= 27.72,1.1112177754314325,0.5175,0.7845,0.66
Spoofing,TCP > 0.35,1.220544013345167,0.7357,0.7013,1.049
Spoofing,syn_count <= 32.5,1.365934895000395,1.0,0.8944,1.118
Spoofing,Time_To_Live > 64.51,1.9304254882876535,0.6189,0.4717,1.312
Spoofing,Max <= 225.5,2.0275749961431817,0.2154,0.444,0.485
Spoofing,HTTPS <= 0.98,1.3105996232005164,0.6552,0.9056,0.724
Spoofing,AVG > 56.1,1.5054881566126355,0.9937,1.0,0.994
Spoofing,Std > 92.27,1.4297000437776235,0.6371,0.3768,1.691
Spoofing,syn_flag_number <= 0.5,1.5801014664264525,1.0,0.8834,1.132
Spoofing,rst_count <= 9.5,1.7131295348990334,1.0,0.9387,1.065
Spoofing,HTTPS <= 0.12,1.5968485066786366,0.3112,0.6304,0.494
Spoofing,fin_flag_number <= 0.11,1.1996442556226241,0.9909,0.9438,1.05
Spoofing,ICMP <= 0.01,1.1389351939318764,0.9266,0.8783,1.055
Spoofing,Variance <= 2713.89,1.5703189944902225,0.2664,0.5115,0.521
Spoofing,AVG <= 61.9,1.590931833305919,0.0126,0.3288,0.038
Spoofing,rst_flag_number <= 0.55,1.7007169736750767,1.0,0.9533,1.049
Spoofing,IPv <= 1.0,1.832655825422259,1.0,1.0,1.0
Spoofing,TCP <= 0.93,1.264104958273772,0.5503,0.5936,0.927
Spoofing,Time_To_Live <= 231.1,1.3847391765909085,0.951,0.9922,0.958
Spoofing,AVG <= 66.85,0.01810648192685312,0.0678,0.3615,0.188
Spoofing,HTTPS > 0.02,1.4089036148632064,0.7594,0.4199,1.808
Spoofing,AVG <= 186.61,1.5110738236387768,0.3566,0.5987,0.596
Spoofing,Header_Length > 18.8,1.2290855994961594,0.6657,0.6303,1.056
Spoofing,Rate > 126.25,1.370850268890435,0.7811,0.79,0.989
Spoofing,Std <= 36.08,1.5833115085942329,0.2273,0.4631,0.491
Spoofing,AVG <= 65.26,1.5724899297641468,0.0189,0.3424,0.055
Spoofing,AVG <= 180.65,1.5109714323365244,0.3517,0.5938,0.592
Spoofing,Header_Length <= 32.66,1.4730577235025708,0.8972,0.9725,0.923
Spoofing,Max > 995.0,1.5536814515609942,0.5713,0.3001,1.904
Spoofing,Min <= 222.0,1.6458581660923601,0.8944,0.9162,0.976
Spoofing,TCP <= 1.0,1.7527828299255044,1.0,1.0,1.0
Spoofing,Tot sum > 1878.5,1.063846448527337,0.6406,0.7402,0.865
Spoofing,Std > 276.33,1.131549685716448,0.5266,0.2929,1.798
Spoofing,Rate > 62.99,0.9136080157235188,0.8958,0.9101,0.984
Spoofing,Tot sum <= 946.0,0.9709725305727099,0.1888,0.1239,1.523
Spoofing,Max <= 204.0,1.0395445860681587,0.1769,0.413,0.428
Spoofing,HTTPS > 0.85,1.1234682431855518,0.4112,0.1422,2.891
Spoofing,ack_count > 9.5,1.2296404595378057,0.4371,0.2279,1.917
Spoofing,HTTPS > 0.08,1.3711928835124645,0.7594,0.4003,1.897
Spoofing,Max <= 344.5,2.4607057191591566,0.2944,0.5337,0.552
Spoofing,Max <= 387.5,2.559464892583698,0.3203,0.5542,0.578
Spoofing,fin_count <= 0.5,2.6686625624487657,0.9503,0.8595,1.106
Spoofing,Header_Length > 29.4,0.0030522553069632723,0.4559,0.1877,2.43
Spoofing,Tot size <= 104.05,0.0032513303382887097,0.2238,0.4759,0.47
Spoofing,Variance <= 16659179.5,0.00403551960883811,1.0,0.9989,1.001
Spoofing,TCP > 0.56,2.174850227066733,0.665,0.622,1.069
Spoofing,syn_flag_number <= 0.41,2.3146989049762174,1.0,0.877,1.14
Spoofing,IPv > 0.94,2.6786834701281537,0.8706,0.8987,0.969
Spoofing,Time_To_Live > 51.25,1.5074694295111277,0.9629,0.9858,0.977
Spoofing,Time_To_Live > 49.75,1.3683183350357275,0.9804,0.99,0.99
Spoofing,Tot size <= 909.7,0.0007351517341370505,0.7315,0.8502,0.86
Spoofing,ICMP <= 0.99,1.2545796881337359,1.0,0.9689,1.032
Spoofing,psh_flag_number <= 0.02,1.3383396470602493,0.4413,0.6154,0.717
Spoofing,Header_Length <= 31.94,1.4026745910352363,0.6063,0.8724,0.695
Spoofing,Tot sum > 1579.0,1.4500551072339676,0.6713,0.7547,0.889
Spoofing,rst_flag_number > 0.2,1.119779215569019,0.0035,0.0695,0.05
Spoofing,rst_count > 29.5,1.2271667290024677,0.0,0.044,0.0
Spoofing,TCP > 0.67,1.3699682873142338,0.6413,0.582,1.102
Spoofing,Std <= 609.88,0.0006626237096390088,0.7322,0.8498,0.862
Spoofing,Std <= 595.62,0.0004417491397593392,0.7049,0.8296,0.85
Spoofing,fin_flag_number > 0.0,0.0002208745698796696,0.0497,0.1405,0.353
Spoofing,AVG <= 68.65,1.5736955103591286,0.0727,0.366,0.199
Spoofing,rst_flag_number <= 0.65,1.5029884358508372,1.0,0.9573,1.045
Spoofing,Time_To_Live <= 131.3,1.5006426228665033,0.8112,0.8911,0.91
Spoofing,syn_count <= 8.5,1.4455921746370073,1.0,0.8742,1.144
Spoofing,Tot size <= 64.7,1.4018487303594158,0.0175,0.3407,0.051
Spoofing,Tot size <= 77.95,1.4811786693283286,0.0972,0.3998,0.243
Spoofing,Header_Length > 20.02,1.5675211440634778,0.6301,0.4012,1.57
Spoofing,syn_flag_number <= 0.15,1.6698658269908253,0.9839,0.8368,1.176
Spoofing,fin_flag_number <= 0.69,0.0009110561867476131,1.0,0.9682,1.033
Spoofing,ICMP > 0.98,1.2014024512406398,0.0,0.0394,0.0
Spoofing,Variance <= 357087.11,1.306117440828233,0.7091,0.8338,0.85
Spoofing,Rate > 2599.19,1.1690284792385908,0.2958,0.4743,0.624
Spoofing,rst_count <= 2.0,1.2632676089834347,0.9965,0.9116,1.093
Spoofing,Header_Length <= 23.0,1.381970231491736,0.4126,0.6778,0.609
Spoofing,Tot size <= 1824.9,2.299832009077965,0.9734,0.9831,0.99
Spoofing,Std > 592.37,2.3800645772041924,0.2993,0.177,1.691
Spoofing,Variance <= 11846917.5,2.467324338334611,0.9993,0.998,1.001
Spoofing,Variance > 199941.2,2.5628616789760033,0.4175,0.2719,1.535
Spoofing,Time_To_Live <= 116.4,1.2787596039974043,0.7441,0.8563,0.869
Spoofing,AVG > 675.3,1.475656605631517,0.3427,0.2153,1.592
Spoofing,Tot size <= 1068.3,1.5700841398491725,0.7944,0.9247,0.859
Spoofing,Std > 51.24,1.8734905898500434,0.7385,0.4949,1.492
Spoofing,Max <= 1165.0,1.9575137034005592,0.4692,0.7058,0.665
Spoofing,Std <= 363.2,2.0516604003677865,0.5266,0.7181,0.733
Spoofing,AVG <= 727.61,2.1585225052861214,0.6699,0.7908,0.847
Spoofing,ICMP <= 0.07,2.2828639080382573,0.9266,0.8917,1.039
Spoofing,AVG <= 252.35,1.616572133346968,0.4259,0.6232,0.683
Spoofing,Header_Length > 17.8,1.6963764551571103,0.6881,0.6414,1.073
Spoofing,Header_Length <= 35.8,1.7865056445025183,0.9154,0.9876,0.927
Spoofing,HTTPS > 0.64,1.889678331924202,0.5077,0.2108,2.409
Spoofing,rst_count > 26.5,1.5701826045384994,0.0,0.0449,0.0
Spoofing,ack_count <= 89.0,1.7935732743174813,1.0,0.9637,1.038
Spoofing,Variance <= 1541.77,2.5080507115945774,0.2301,0.4693,0.49
Spoofing,Rate > 90.36,0.9683649355893638,0.8371,0.851,0.984
Spoofing,Time_To_Live > 59.15,1.01399917168223,0.8448,0.9635,0.877
Spoofing,Time_To_Live <= 100.85,1.0658214487610012,0.6783,0.8109,0.837
Spoofing,Tot sum > 1352.0,1.125310395081094,0.6986,0.7794,0.896
Spoofing,syn_flag_number <= 0.25,1.1945129173263351,0.9958,0.8609,1.157
Spoofing,syn_count <= 47.0,1.2763852096506725,1.0,0.8983,1.113
Spoofing,Tot sum > 1264.5,1.3754565216706827,0.7112,0.794,0.896
Spoofing,Tot sum > 624.5,1.4993307256811785,0.9867,0.9736,1.013
Spoofing,Variance <= 3765.78,1.4018879704264995,0.3,0.5473,0.548
Spoofing,Variance <= 4221.38,1.4681918852372318,0.3105,0.5583,0.556
Spoofing,Tot size <= 96.35,1.5426939619221032,0.1958,0.4525,0.433
Spoofing,Tot sum <= 977.5,1.6272645939080872,0.2035,0.131,1.553
Spoofing,rst_count <= 5.5,1.7246623752585217,1.0,0.9271,1.079
Spoofing,UDP <= 0.65,1.7447262903344374,0.7601,0.8791,0.865
Spoofing,Max <= 4398.0,1.8681267779436874,0.972,0.9643,1.008
Spoofing,HTTP > 0.09,1.5268943791020864,0.1357,0.1473,0.921
Spoofing,Std <= 116.02,1.7361202828020148,0.3867,0.648,0.597
Spoofing,AVG <= 60.08,1.3661352534275713,0.0119,0.2816,0.042
Spoofing,Time_To_Live <= 107.15,1.4099033356217225,0.707,0.8273,0.855
Spoofing,Max <= 1274.5,1.1477276453905656,0.5049,0.7118,0.709
Spoofing,Time_To_Live <= 82.5,1.2170996359229729,0.514,0.7266,0.707
Spoofing,AVG <= 169.4,1.30969966909406,0.3392,0.588,0.577
Spoofing,Rate <= 100150.55,2.6342568586800748,0.921,0.9864,0.934
Spoofing,DHCP <= 0.03,2.210964949171496,0.9916,0.9942,0.997
Spoofing,Header_Length <= 27.0,1.2442865553619094,0.4832,0.7591,0.637
Spoofing,UDP <= 0.55,1.3283474444309329,0.735,0.8658,0.849
Spoofing,rst_count <= 4.5,1.3215003846509374,1.0,0.9226,1.084
Spoofing,Max > 220.0,1.3617974473582921,0.7853,0.5565,1.411
Spoofing,AVG > 123.75,1.4761045386501495,0.7203,0.4725,1.524
Spoofing,IPv > 0.85,0.0008396249943780861,0.9448,0.9629,0.981
Spoofing,ack_flag_number <= 0.0,1.2391623379416365,0.1427,0.3742,0.381
Spoofing,Tot sum <= 6038.5,1.2969099107714248,0.6028,0.6096,0.989
Spoofing,Tot sum <= 6042.5,1.361912149560893,0.6028,0.6112,0.986
Spoofing,Time_To_Live <= 64.63,1.4357497874666167,0.3811,0.5372,0.709
Spoofing,Tot sum <= 6374.5,1.5205468061697576,0.614,0.6364,0.965
Spoofing,syn_flag_number > 0.99,1.6192597544623397,0.0,0.0729,0.0
Spoofing,Rate <= 35386.03,1.7362176086625438,0.914,0.8949,1.021
Spoofing,syn_count > 94.5,1.8783167545623345,0.0,0.093,0.0
Spoofing,Variance > 334211.55,1.113943103529071,0.3189,0.2367,1.347
Spoofing,Std > 576.73,1.1786916688100815,0.3224,0.2394,1.347
Spoofing,AVG <= 2058.6,0.013501727335356366,0.979,0.9884,0.991
Spoofing,Std <= 2766.74,0.001078185982330057,0.9993,0.9965,1.003
Spoofing,TCP > 0.12,1.678662195445276,0.8014,0.7291,1.099
Spoofing,fin_count <= 5.5,1.8770588025419066,1.0,0.9628,1.039
Spoofing,Time_To_Live > 55.15,2.087206021643248,0.9329,0.9788,0.953
Spoofing,DNS <= 0.04,2.209732793070769,0.8874,0.897,0.989
Spoofing,Header_Length > 3.82,2.3503705562314017,1.0,0.8711,1.148
Spoofing,IAT <= 0.06,2.5143046801054254,0.9923,0.9968,0.995
Spoofing,Std > 56.68,1.1039569189312224,0.7119,0.466,1.528
Spoofing,Time_To_Live > 50.95,1.1151860594472698,0.9685,0.9868,0.981
Spoofing,Rate <= 1328.15,1.1782612104673016,0.6273,0.4449,1.41
Spoofing,HTTP <= 0.54,0.0002680383514058064,0.9259,0.9423,0.983
Spoofing,Rate > 18.31,1.1420580094918424,0.9909,0.9968,0.994
Spoofing,Max <= 791.5,1.2442055356310169,0.3937,0.6951,0.566
Spoofing,Header_Length <= 30.2,1.3801865173407484,0.5853,0.8497,0.689
Spoofing,Tot sum <= 9591.0,1.8790017359023903,0.7671,0.6903,1.111
Spoofing,Time_To_Live > 63.95,1.3935091085182232,0.7517,0.8522,0.882
Spoofing,fin_flag_number > 0.15,2.4884574759738194,0.0091,0.0554,0.164
Spoofing,Variance <= 356343.78,0.0036783636469904755,0.7077,0.8328,0.85
Spoofing,ack_count <= 1.5,1.2443095718888253,0.2042,0.4318,0.473
Spoofing,AVG <= 926.56,1.380250757582379,0.751,0.8775,0.856
Spoofing,Variance <= 343847.38,1.6309984211295692,0.686,0.8069,0.85
Spoofing,Tot sum > 55375.0,1.731668903201753,0.0,0.1855,0.0
Spoofing,Time_To_Live <= 67.1,1.8498612673249717,0.393,0.6155,0.638
Spoofing,Time_To_Live > 63.93,1.9920261200437888,0.7517,0.8542,0.88
Spoofing,Std <= 610.57,0.001590132378314344,0.7371,0.8534,0.864
Spoofing,Variance <= 1848429.38,1.4284797417275124,0.9755,0.97,1.006
Spoofing,IAT <= 0.02,1.592745428846549,0.9056,0.925,0.979
Spoofing,Tot size > 546.93,1.6530598517684372,0.4147,0.3209,1.292
Spoofing,Std <= 67.98,1.763095771855387,0.3203,0.5669,0.565
Spoofing,Tot size > 393.85,1.8950936079583787,0.4923,0.3522,1.398
Spoofing,Time_To_Live <= 159.8,1.1046238581853103,0.8706,0.9316,0.935
Spoofing,AVG > 186.61,1.7476231556575592,0.6434,0.4013,1.603
Spoofing,ack_count > 6.5,1.7208631579849523,0.6322,0.3917,1.614
Spoofing,Header_Length > 19.8,1.8101281977957655,0.6573,0.6022,1.092
Spoofing,Std > 1047.22,1.5732011298094135,0.0469,0.0531,0.882
Spoofing,Rate > 42.88,1.7321496905185518,0.9322,0.9545,0.977
Spoofing,AVG > 187.9,1.6412817700289868,0.6413,0.4008,1.6
Spoofing,Variance > 1107953.94,1.5625715043227468,0.0469,0.0529,0.885
Spoofing,Rate <= 6548.62,1.1207774966563375,0.807,0.6303,1.28
Spoofing,Tot size > 573.71,1.1932625053559893,0.407,0.2776,1.466
Spoofing,UDP > 0.0,1.2807612599394462,0.5126,0.4904,1.045
Spoofing,Std > 60.56,1.053248555431736,0.7042,0.4547,1.549
Spoofing,Max <= 519.5,1.3140789076753692,0.3392,0.5797,0.585
Spoofing,Time_To_Live > 107.15,1.4141940328021627,0.293,0.1727,1.697
Spoofing,ack_flag_number > 0.25,1.2209582330458524,0.7629,0.5053,1.51
Spoofing,psh_flag_number <= 0.25,1.8885550027903715,0.7203,0.8417,0.856
Spoofing,Tot sum <= 21090.0,1.9522012282755674,0.9846,0.7761,1.269
Spoofing,UDP <= 0.35,2.021227251680323,0.6741,0.7766,0.868
Spoofing,ack_flag_number > 0.35,2.0964011252012207,0.7266,0.4791,1.517
Spoofing,Tot sum <= 25709.5,0.011904721465811263,0.9944,0.7829,1.27
Spoofing,Time_To_Live > 99.85,0.012574325956014237,0.3371,0.1939,1.739
Spoofing,Variance <= 5075839.5,0.013606523551724132,0.9993,0.9918,1.008
Spoofing,ack_flag_number <= 0.09,0.9914109159697011,0.1427,0.4636,0.308
Spoofing,Tot size <= 60.15,1.0563183888933891,0.0119,0.2926,0.041
Spoofing,Variance <= 3.58,1.1366501286313484,0.1294,0.366,0.353
Spoofing,Rate > 53.38,1.1963224524430722,0.9098,0.9304,0.978
Spoofing,Time_To_Live > 63.27,0.01507272059149804,0.7608,0.9187,0.828
Spoofing,ICMP > 0.02,1.7051861404878719,0.0734,0.1161,0.632
Spoofing,ack_flag_number <= 0.78,1.2355987909098647,0.4168,0.7131,0.584
Spoofing,ARP <= 0.02,1.3135432513371332,0.8706,0.8823,0.987
Spoofing,Tot size > 820.91,1.3729970538616476,0.2797,0.1904,1.469
Spoofing,Time_To_Live > 61.44,1.4401298172835708,0.7951,0.9519,0.835
Spoofing,ICMP <= 0.92,1.5166812471971163,1.0,0.9427,1.061
Spoofing,Header_Length > 0.12,1.6050247122087595,1.0,0.9157,1.092
Spoofing,Header_Length <= 11.42,1.7085532579796159,0.2126,0.305,0.697
Spoofing,syn_count <= 3.5,1.94561658032407,1.0,0.8496,1.177
Spoofing,Max > 1507.0,2.062794923013046,0.0888,0.2694,0.33
Spoofing,Tot sum > 72586.5,2.2003669434127597,0.0,0.1016,0.0
Spoofing,cwr_flag_number <= 0.02,2.3672281303470437,0.9951,0.9993,0.996
Spoofing,AVG > 790.75,0.00033727587951830367,0.2888,0.1989,1.452
Spoofing,Max > 424.5,1.1584189290298401,0.6741,0.4401,1.532
Spoofing,psh_flag_number <= 0.35,1.2574366866820559,0.8084,0.9047,0.894
Spoofing,ack_flag_number > 0.11,1.3886636778375077,0.7958,0.5258,1.513
Spoofing,LLC > 0.96,1.2141046404298153,0.8706,0.8917,0.976
Spoofing,Max <= 111.5,1.0398933742691165,0.1168,0.3511,0.333
Spoofing,Variance <= 2872.2,1.0919588735845247,0.2727,0.5231,0.521
Spoofing,TCP <= 0.02,1.1529038118332031,0.1371,0.243,0.564
Spoofing,AVG <= 223.3,1.2256166877280013,0.4021,0.6136,0.655
Spoofing,LLC > 0.95,1.4431197928034032,0.8706,0.8958,0.972
Spoofing,UDP <= 0.88,1.5790060181320558,0.828,0.8995,0.92
Spoofing,Time_To_Live > 84.5,1.6896272346746688,0.4678,0.2609,1.793
Spoofing,Tot sum > 5372.0,1.8235715957565382,0.4189,0.6797,0.616
Spoofing,Time_To_Live > 80.75,1.990759303924239,0.5119,0.2881,1.777
Spoofing,Time_To_Live <= 97.45,1.3135590873577836,0.6336,0.7917,0.8
Spoofing,Std <= 1164.26,1.4257390534542222,0.9587,0.9567,1.002
Spoofing,ack_count <= 97.5,1.2894050865383868,1.0,0.9692,1.032
Spoofing,psh_flag_number > 0.0,1.3501389374576414,0.5587,0.4311,1.296
Spoofing,Tot size > 142.5,1.2923976363251533,0.6881,0.4397,1.565
Spoofing,ack_flag_number <= 0.2,0.9255452556130479,0.2371,0.4933,0.481
Spoofing,Rate > 330.09,0.9709576940790176,0.6133,0.6858,0.894
Spoofing,ack_flag_number <= 0.01,1.024145631130856,0.1427,0.4224,0.338
Spoofing,rst_flag_number <= 0.02,1.087549752992922,0.9797,0.8975,1.092
Spoofing,Rate <= 17591.35,1.1649014530627695,0.9007,0.7571,1.19
Spoofing,Variance <= 484854.33,1.2623720306499298,0.8238,0.8759,0.94
Spoofing,Rate <= 16339.48,1.391592635286952,0.8958,0.7471,1.199
Spoofing,AVG <= 123.75,2.210870739847143,0.2797,0.5275,0.53
Spoofing,Std <= 696.39,2.3021440969970333,0.8238,0.8759,0.94
Spoofing,Time_To_Live > 55.4,2.402507450781468,0.9301,0.9783,0.951
Spoofing,Std <= 84.44,2.513499273570228,0.3545,0.608,0.583
Spoofing,Tot size <= 507.55,2.637071527055544,0.5664,0.6647,0.852
Spoofing,Tot sum <= 5137.0,2.775782617209177,0.5706,0.3165,1.803
Spoofing,psh_flag_number <= 0.16,1.1643918278804926,0.6098,0.7408,0.823
Spoofing,Max <= 3525.0,1.2621332262555922,0.972,0.9611,1.011
Spoofing,Tot size <= 534.7,1.3915695564533375,0.5797,0.673,0.861
Spoofing,Std <= 66.57,0.012273879261966731,0.3126,0.5624,0.556
Spoofing,Tot sum <= 95950.0,0.014198437062017774,1.0,0.9957,1.004
Spoofing,Time_To_Live > 86.63,1.292115340339207,0.4629,0.2553,1.813
Spoofing,rst_count <= 3.5,2.0132600143945796,0.9993,0.9172,1.089
Spoofing,Max <= 259.0,2.114164321523602,0.2748,0.4938,0.557
Spoofing,Tot size <= 104.65,2.228868832272513,0.2259,0.4777,0.473
Spoofing,AVG <= 114.85,2.3606612344839117,0.2517,0.5063,0.497
Spoofing,Variance <= 4259.22,0.004712420416683287,0.3105,0.5591,0.555
Spoofing,AVG <= 115.55,0.004616632695859928,0.2538,0.5077,0.5
Spoofing,Tot sum <= 1190.5,0.004719897155692662,0.2629,0.1886,1.394
Spoofing,Number <= 55.0,0.005396711130994331,1.0,0.4461,2.242
Spoofing,Time_To_Live > 89.05,0.0028758938409658287,0.4392,0.2423,1.812
Spoofing,Std <= 63.18,1.4811028418937544,0.3077,0.553,0.556
Spoofing,LLC > 0.69,1.6094925219949507,0.9951,0.9971,0.998
Spoofing,Variance <= 3954.12,2.65894351636035,0.307,0.5519,0.556
Spoofing,Tot size > 59.6,0.0036098116389583,0.9916,1.0,0.992
Spoofing,Tot sum > 664.5,2.8650442157399247,0.9322,0.9525,0.979
Spoofing,Variance <= 7269815.75,1.5177845366157174,0.9993,0.9958,1.003
Spoofing,UDP > 0.25,1.1967109985888926,0.3713,0.2672,1.39
Spoofing,Tot sum <= 55256.5,1.2662860387636206,1.0,0.8141,1.228
Spoofing,Tot sum <= 40418.5,1.2799844797210271,1.0,0.7908,1.265
Spoofing,Tot size > 534.7,1.4023781730654012,0.4203,0.327,1.285
Spoofing,psh_flag_number <= 0.0,1.3321978182637841,0.4413,0.5689,0.776
Spoofing,Time_To_Live <= 63.62,1.5916001021278656,0.2476,0.1267,1.954
Spoofing,HTTPS <= 0.1,1.7557690122032765,0.3112,0.6297,0.494
Spoofing,ICMP <= 0.98,2.6607430504841054,1.0,0.9606,1.041
Spoofing,Tot sum > 1110.5,1.4069142985655894,0.7566,0.8302,0.911
Spoofing,TCP > 0.63,1.1619036735573458,0.6413,0.5827,1.101
Spoofing,DHCP <= 0.06,1.2160643694650555,0.9916,0.9946,0.997
Spoofing,Time_To_Live <= 81.95,1.2816652644967215,0.5091,0.7236,0.704
Spoofing,ack_flag_number > 0.59,1.357766894364278,0.6552,0.3818,1.716
Spoofing,Min > 52.0,1.4514631393900683,0.8392,0.999,0.84
Spoofing,DNS <= 0.02,1.5736626345527678,0.8874,0.8886,0.999
Spoofing,AVG <= 2237.2,1.2278817375716677,0.986,0.992,0.994
Spoofing,Time_To_Live <= 86.63,1.3012221645293978,0.5371,0.7447,0.721
Spoofing,syn_count > 8.5,1.3778363059447611,0.0,0.1258,0.0
Spoofing,Time_To_Live > 49.65,1.4237377396394038,0.9811,0.9904,0.991
Spoofing,Std <= 130.33,1.0252040709033863,0.3965,0.6688,0.593
Spoofing,ack_count > 1.5,1.073039816480257,0.7958,0.5682,1.401
Spoofing,Std <= 144.31,1.13009406944939,0.4063,0.6796,0.598
Spoofing,Time_To_Live <= 174.35,1.2907140488391562,0.8937,0.949,0.942
Spoofing,Variance > 2764.82,2.369202052022411,0.7308,0.4848,1.507
Spoofing,TCP > 0.02,1.1631066934507654,0.8629,0.757,1.14
Spoofing,Min <= 1338.0,1.259431906197237,0.921,0.9875,0.933
Spoofing,Time_To_Live > 42.3,0.004036890648998754,0.9944,0.9984,0.996
Spoofing,psh_flag_number <= 0.31,1.4695134671857184,0.8084,0.9025,0.896
Spoofing,Std > 708.14,1.2245567742215877,0.1671,0.1172,1.426
Spoofing,Header_Length > 24.3,1.3621660788338545,0.5622,0.2899,1.94
Spoofing,Rate > 67.84,1.4604959363337082,0.8853,0.899,0.985
Spoofing,syn_flag_number <= 0.21,1.4599785057770813,0.9958,0.8597,1.158
Spoofing,Tot size <= 2510.6,2.36861023001667,0.9916,0.9951,0.996
Spoofing,Std <= 711.76,1.9278873043638118,0.8427,0.8835,0.954
Spoofing,syn_flag_number <= 0.2,1.3517627166893478,0.9958,0.859,1.159
Spoofing,HTTP <= 0.94,1.5325479381754312,0.9455,0.9583,0.987
Spoofing,AVG > 65.26,1.5316292270144534,0.9811,0.6576,1.492
Spoofing,Variance <= 31014.77,0.0005378590550204494,0.4245,0.6911,0.614
Spoofing,Max <= 705.5,1.3327694880462324,0.3629,0.6863,0.529
Spoofing,syn_count <= 46.5,1.2306733211220944,1.0,0.898,1.114
Spoofing,Time_To_Live <= 201.9,1.293157040905001,0.9203,0.9745,0.944
Spoofing,Variance <= 1381799.94,1.3690956214679342,0.9594,0.9582,1.001
Spoofing,rst_flag_number <= 0.53,1.4646468731925348,1.0,0.9529,1.049
Spoofing,AVG <= 60.1,1.0249831324539143,0.0119,0.2842,0.042
Spoofing,Tot sum <= 7393.0,1.066985734162932,0.672,0.6583,1.021
Spoofing,Header_Length > 0.8,1.1170065564560574,1.0,0.8859,1.129
Spoofing,ack_count <= 9.5,1.177918479648297,0.5629,0.7721,0.729
Spoofing,HTTPS <= 0.0,2.567457053296768,0.2406,0.5198,0.463
Spoofing,Rate > 28316.94,2.66716847091873,0.0881,0.1601,0.55
Spoofing,IRC <= 0.06,2.779570731462153,0.9986,0.9993,0.999
Spoofing,Std > 725.28,1.1400763427193068,0.1308,0.1132,1.156
Spoofing,ack_flag_number > 0.63,1.1682317435199248,0.6329,0.3395,1.864
Spoofing,AVG <= 2239.6,1.1986926792966013,0.9874,0.9928,0.995
Spoofing,Std <= 1906.68,1.2317790774509272,0.9944,0.9878,1.007
Spoofing,AVG <= 2381.6,1.2678776527607767,0.9888,0.9937,0.995
Spoofing,Std > 725.05,1.3074622138996002,0.1329,0.1132,1.173
Spoofing,Std > 730.8,1.3511230975882558,0.1168,0.1114,1.048
Spoofing,Tot size > 390.89,1.399612064677263,0.4923,0.3526,1.396
Spoofing,HTTP <= 0.88,1.453916092147038,0.9392,0.9525,0.986
Spoofing,Tot sum > 3876.5,1.5153939249389452,0.493,0.6971,0.707
Spoofing,Std > 714.24,1.5860881644766756,0.1559,0.1158,1.346
Spoofing,syn_count > 84.5,1.7604896640827612,0.0,0.0962,0.0
Spoofing,ack_flag_number <= 0.82,1.8766507118094482,0.479,0.769,0.623
Spoofing,SMTP <= 0.0,2.5342128275985125,1.0,0.9991,1.001
Spoofing,Time_To_Live > 61.55,2.42003210239659,0.7944,0.9513,0.835
Spoofing,SSH <= 0.06,2.6011295591284136,1.0,0.989,1.011
Spoofing,Time_To_Live > 61.35,1.332418788868652,0.7958,0.9533,0.835
Spoofing,Time_To_Live > 60.3,1.421999892527951,0.8182,0.9583,0.854
Spoofing,Std > 681.48,1.9112688866557745,0.2119,0.1308,1.62
Spoofing,rst_count <= 30.5,2.049611588386953,1.0,0.9564,1.046
Spoofing,Variance > 490347.27,1.201087550521456,0.1706,0.1203,1.419
Spoofing,Min <= 351.0,1.2743416412534174,0.9,0.921,0.977
Spoofing,Header_Length > 27.0,1.2692473041367567,0.5168,0.2409,2.145
Spoofing,Variance <= 4798395.25,1.3909175543397068,0.9986,0.9911,1.008
Spoofing,Max > 177.0,1.6371352477993233,0.8315,0.5953,1.397
Spoofing,Variance <= 796558.31,1.7321846551293927,0.942,0.9141,1.031
Spoofing,Tot sum <= 5372.0,1.847237705923928,0.5811,0.3203,1.814
Spoofing,Std > 480.22,1.3681848922426563,0.3622,0.2592,1.397
Spoofing,IPv > 0.96,1.441187639591096,0.8706,0.8917,0.976
Spoofing,Variance > 211346.09,1.5316288933935822,0.372,0.2622,1.419
Spoofing,Std > 489.27,1.2788311553440113,0.3566,0.2579,1.383
Spoofing,Min <= 174.0,1.7419068335157457,0.8881,0.9098,0.976
Spoofing,Max <= 2309.0,1.9194689214904643,0.9301,0.8865,1.049
Spoofing,psh_flag_number <= 0.06,1.120584900324255,0.4413,0.6225,0.709
Spoofing,Max <= 211.5,1.1629237697891228,0.1818,0.4146,0.439
Spoofing,Time_To_Live > 44.65,1.2129422062146726,0.9909,0.9975,0.993
Spoofing,AVG <= 97.95,1.2733369939495542,0.2035,0.4569,0.445
Spoofing,ack_count <= 28.5,1.4458964922842952,1.0,0.9058,1.104
Spoofing,Tot size <= 117.67,1.8319867866386041,0.2615,0.5132,0.51
Spoofing,Tot size <= 118.55,1.9148466510619273,0.2629,0.5158,0.51
Spoofing,DNS <= 0.25,2.0104372408192956,0.9706,0.9833,0.987
Spoofing,syn_flag_number > 0.2,0.0014102519092379154,0.0042,0.141,0.03
Spoofing,psh_flag_number <= 0.23,0.0007051259546189577,0.7196,0.84,0.857
Spoofing,Tot sum <= 3740.0,2.5417728278434284,0.4986,0.3002,1.661
Spoofing,Time_To_Live <= 96.85,1.865473350700463,0.6294,0.7863,0.8
Spoofing,Time_To_Live > 63.85,1.918769952969289,0.7524,0.86,0.875
Spoofing,Rate <= 13150.14,1.977232165884433,0.8643,0.7163,1.207
Spoofing,Rate <= 21524.87,2.0416892035810736,0.9063,0.7856,1.154
Spoofing,fin_flag_number <= 0.05,2.1131767939592505,0.9503,0.8926,1.065
Spoofing,Std <= 598.36,2.193018431418577,0.7098,0.8347,0.85
Spoofing,IPv > 0.98,2.2829637672705023,0.8706,0.8608,1.011
Spoofing,Time_To_Live <= 105.95,2.3854742589942113,0.7021,0.8252,0.851
Spoofing,ack_count <= 99.5,2.2742792426928586,1.0,0.975,1.026
Spoofing,Std > 63.18,1.5144538496598128,0.6923,0.447,1.549
Spoofing,syn_flag_number <= 0.82,1.6717952439871406,1.0,0.8965,1.115
Spoofing,Std <= 1176.44,1.72483887827516,0.9594,0.9583,1.001
Spoofing,Time_To_Live > 45.75,1.7838454979778722,0.9888,0.9962,0.993
Spoofing,syn_flag_number <= 0.91,1.8500043488808189,1.0,0.9009,1.11
Spoofing,HTTPS <= 0.64,1.9248794039133574,0.4923,0.7892,0.624
Spoofing,Rate <= 2315.71,2.0522123598298,0.6965,0.5117,1.361
Spoofing,Time_To_Live > 96.75,2.1753350840846646,0.3713,0.2144,1.732
Spoofing,rst_count <= 50.5,2.3325871049091,1.0,0.9619,1.04
Spoofing,rst_flag_number <= 0.0,1.2678312826910965,0.9797,0.8838,1.109
Spoofing,Time_To_Live > 46.5,1.851737737649183,0.9888,0.9954,0.993
Spoofing,UDP > 0.13,1.9764592878848142,0.4273,0.3232,1.322
Spoofing,psh_flag_number <= 1.0,2.1395286338233497,1.0,1.0,1.0
Spoofing,Tot sum <= 31074.0,1.3768474996417284,1.0,0.7874,1.27
Spoofing,Variance <= 7295583.5,1.4358907569475163,0.9993,0.9959,1.003
Spoofing,SSH <= 0.15,1.5102443246598707,1.0,0.9964,1.004
Spoofing,HTTPS > 0.18,1.5559983696321666,0.6881,0.3681,1.869
Spoofing,Tot sum > 1193.5,1.6605978008629754,0.7357,0.8108,0.907
Spoofing,Min > 49.5,1.808727431620193,0.9035,0.9997,0.904
Spoofing,Tot sum > 1190.5,0.006035924329890352,0.7371,0.8114,0.908
Spoofing,Variance <= 977732.75,1.1719202051212099,0.949,0.9373,1.012
Spoofing,psh_flag_number > 0.02,1.2097434175406185,0.5587,0.3846,1.453
Spoofing,Number > 5.5,1.3121556028467445,0.9993,1.0,0.999
Spoofing,Time_To_Live <= 78.5,1.3629990702841526,0.4727,0.6957,0.68
Spoofing,AVG > 60.08,1.4434578405309166,0.9881,0.7184,1.375
Spoofing,Rate <= 394.89,2.4498915443925204,0.4238,0.3288,1.289
Spoofing,Rate <= 191049.28,2.5633645045307327,0.9252,0.9937,0.931
Spoofing,rst_flag_number <= 0.09,1.9851344856718358,0.9797,0.9066,1.081
Spoofing,cwr_flag_number <= 0.0,1.6255303820157787,0.9951,0.9989,0.996
Spoofing,Tot sum > 977.5,1.6721845230185923,0.7965,0.869,0.917
Spoofing,Tot size <= 1526.4,1.500251528948336,0.9657,0.968,0.998
Spoofing,AVG <= 1564.55,1.6418282994512627,0.9664,0.9708,0.995
Spoofing,syn_flag_number <= 0.31,1.4976220567255765,1.0,0.8702,1.149
Spoofing,ack_flag_number > 0.98,2.389842533089545,0.4385,0.1556,2.819
Spoofing,Tot size > 58.05,2.544650032875022,0.9916,1.0,0.992
Spoofing,Header_Length <= 49.4,0.0010448697064264197,0.9692,0.9993,0.97
Spoofing,Tot size > 549.4,1.326159792923716,0.414,0.3135,1.321
Spoofing,Max <= 3153.0,1.3579521326577093,0.972,0.9581,1.015
Spoofing,Time_To_Live <= 75.17,1.3962009425605795,0.4483,0.6768,0.662
Spoofing,psh_flag_number <= 0.04,1.502799725199683,0.4413,0.6204,0.711
Spoofing,Std > 66.57,0.014670225691696813,0.6874,0.4376,1.571
Spoofing,HTTPS <= 0.82,1.454116025136273,0.5888,0.8575,0.687
Spoofing,Std > 116.02,1.5098019115374182,0.6133,0.352,1.742
Spoofing,Header_Length > 1.35,1.6150702166424475,1.0,0.8793,1.137
Spoofing,HTTPS > 0.1,1.6833855508223474,0.6888,0.3703,1.86
Spoofing,IGMP <= 0.15,1.787025883401595,0.9993,1.0,0.999
Spoofing,Tot size <= 963.32,1.3706626124853096,0.7671,0.9167,0.837
Spoofing,HTTP <= 0.5,1.9322202496795347,0.9259,0.9421,0.983
Spoofing,TCP > 0.2,2.008118350368014,0.7671,0.7183,1.068
Spoofing,syn_count > 0.5,2.511754987076057,0.0713,0.3014,0.237
Spoofing,Time_To_Live <= 164.35,2.618518847782096,0.8783,0.9377,0.937
Spoofing,rst_count <= 12.0,1.483393616441195,1.0,0.9455,1.058
Spoofing,Tot sum <= 14979.0,1.5390926951883563,0.9161,0.7363,1.244
Spoofing,Tot sum <= 55375.0,1.8676951162842368,1.0,0.8145,1.228
Spoofing,AVG <= 347.3,1.9244532201733466,0.4755,0.6388,0.744
Spoofing,rst_count <= 1.0,1.550916814665588,0.993,0.9011,1.102
Spoofing,Tot sum > 1261.5,0.012396876580530593,0.7126,0.7949,0.897
Spoofing,Variance <= 16303875.0,0.010393352743112885,1.0,0.9989,1.001
Spoofing,Tot size > 104.05,0.007941475922495408,0.7762,0.5241,1.481
Spoofing,LLC > 0.98,1.3835571495580465,0.8706,0.8608,1.011
Spoofing,Max <= 102.0,1.3856313141139174,0.1126,0.3489,0.323
Spoofing,TCP > 0.93,1.3864756765662833,0.4497,0.4064,1.106
Spoofing,Rate <= 64827.01,0.018549484589045047,0.9189,0.978,0.94
Spoofing,Tot sum <= 16834.0,1.5829287199269153,0.9699,0.7572,1.281
Spoofing,Tot size <= 310.6,1.9627490753346564,0.4573,0.634,0.721
Spoofing,Tot size <= 393.85,2.007856966158714,0.5077,0.6478,0.784
Spoofing,Rate <= 75275.94,2.408386848627838,0.9203,0.981,0.938
Spoofing,Tot sum > 3740.0,2.6184109698611087,0.5014,0.6998,0.717
Spoofing,rst_flag_number <= 0.23,1.7451075311144837,0.9965,0.9329,1.068
Spoofing,Rate > 51.67,1.7422184857569614,0.9133,0.9333,0.979
Spoofing,Std <= 1047.22,1.7382031048182052,0.9531,0.9469,1.007
Spoofing,Variance <= 19.72,0.01609033146243215,0.1601,0.391,0.41
Spoofing,Variance <= 181.71,0.014073704398336294,0.1762,0.4122,0.428
Spoofing,Tot size <= 75.15,0.012056634684131432,0.0888,0.3908,0.227
Spoofing,Std <= 51.83,0.010039989992376366,0.2643,0.5094,0.519
Spoofing,ece_flag_number <= 0.01,0.008032193079791321,0.9944,0.9988,0.996
Spoofing,Variance <= 357108.56,1.5114340070367807,0.7091,0.8339,0.85
Spoofing,AVG <= 1384.4,1.482304480282848,0.8916,0.9564,0.932
Spoofing,Std <= 597.93,1.44583316180126,0.7091,0.8341,0.85
Spoofing,Rate > 307.28,1.3986175675538448,0.6294,0.6927,0.909
Spoofing,Time_To_Live <= 200.15,1.3344987036087883,0.9182,0.9732,0.943
Spoofing,Std <= 598.58,1.5261769419071745,0.7098,0.8351,0.85
Spoofing,rst_flag_number <= 0.2,1.4872098297242917,0.9965,0.9305,1.071
Spoofing,Rate > 412.01,2.4846370551349932,0.5706,0.6665,0.856
Spoofing,Rate > 394.89,2.520971557721655,0.5762,0.6712,0.858
Spoofing,Min > 44.5,1.6969109806319078,0.993,0.9998,0.993
Spoofing,syn_count <= 94.5,2.0583813556612154,1.0,0.907,1.103
Spoofing,Tot sum > 1087.5,1.8181199042614002,0.765,0.8359,0.915
Spoofing,Time_To_Live <= 111.35,1.7866893756051139,0.721,0.8348,0.864
Spoofing,HTTP <= 0.09,1.7899629917148594,0.8643,0.8527,1.014
Spoofing,UDP <= 0.13,2.125536319620309,0.5727,0.6768,0.846
Spoofing,HTTPS <= 0.02,2.6103391692035665,0.2406,0.5801,0.415
Spoofing,Std <= 92.27,1.5794164546731562,0.3629,0.6232,0.582
Spoofing,syn_count <= 84.5,1.9153392779321314,1.0,0.9038,1.106
Spoofing,rst_count <= 26.5,1.8834193156220098,1.0,0.9551,1.047
Spoofing,Header_Length <= 33.08,2.303245629686985,0.9042,0.9785,0.924
Spoofing,Std <= 1190.72,2.273769532512535,0.9629,0.9602,1.003
Spoofing,Tot sum <= 96901.0,2.2383515415881363,1.0,0.9959,1.004
Spoofing,Time_To_Live <= 80.75,2.194780317006321,0.4881,0.7119,0.686
Spoofing,Std <= 1367.37,2.637473683133476,0.9769,0.9708,1.006
Spoofing,Tot sum <= 92268.5,2.636679448636438,1.0,0.9547,1.047
Spoofing,Rate > 134.38,2.6359632231808483,0.7678,0.7807,0.983
Spoofing,Rate > 115.89,2.6353147772318297,0.7944,0.8042,0.988
Spoofing,Rate <= 194729.86,2.5550129372189443,0.9252,0.9937,0.931
Spoofing,AVG <= 1382.0,2.5447499237534994,0.8916,0.9561,0.933
Spoofing,LLC > 0.76,0.017663841610989363,0.9811,0.9903,0.991
Spoofing,Variance <= 523181.62,2.113417560343885,0.8643,0.8866,0.975
Spoofing,IPv > 0.78,2.0052654402539063,0.9811,0.9902,0.991
Spoofing,Rate <= 76910.34,1.8501252982824492,0.9203,0.981,0.938
Spoofing,Rate <= 99308.84,2.6454813694547146,0.921,0.9861,0.934
Spoofing,Variance <= 348177.05,1.634661149618598,0.6895,0.8169,0.844
Spoofing,HTTP <= 0.38,2.4653589968408856,0.9203,0.9272,0.993
Spoofing,Tot sum <= 72586.5,2.4201225553886103,1.0,0.8984,1.113
Spoofing,rst_flag_number <= 0.74,2.766686255501479,1.0,0.9605,1.041
Spoofing,HTTP <= 0.35,1.8537974880073549,0.9203,0.9272,0.993
Spoofing,Std <= 714.24,1.7690431752512716,0.8441,0.8842,0.955
Spoofing,Min <= 1247.0,1.9114438925382955,0.9161,0.9875,0.928
Spoofing,Tot size <= 1672.8,2.0704558207725263,0.9692,0.9766,0.993
Spoofing,Max <= 4965.5,2.6365226041716765,0.9965,0.9811,1.016
Spoofing,AVG <= 1434.0,2.597103318776292,0.8951,0.9588,0.934
Spoofing,fin_flag_number <= 0.07,2.5505866881658545,0.9503,0.8939,1.063
Spoofing,AVG <= 1816.75,2.494442331829015,0.9734,0.9831,0.99
Spoofing,Time_To_Live <= 96.75,2.4244520922752884,0.6287,0.7856,0.8
Spoofing,Rate > 19.4,2.005151790594245,0.9902,0.9962,0.994
Spoofing,fin_flag_number <= 0.12,1.8112846075829552,0.9909,0.9439,1.05
Spoofing,DHCP <= 0.11,1.5317298086620994,0.9958,0.9988,0.997
Spoofing,Variance <= 739184.66,2.8104009011628612,0.9413,0.9113,1.033
Spoofing,Std <= 1009.34,2.753775911033281,0.951,0.9412,1.01
Spoofing,Time_To_Live <= 193.53,2.5726143139110325,0.9133,0.9641,0.947
Spoofing,Tot size <= 1090.56,2.4905769809886773,0.8133,0.9301,0.874
Spoofing,Variance <= 552581.94,2.393672711878837,0.9168,0.8925,1.027
Spoofing,Tot sum <= 101297.0,2.346457426365315,1.0,0.9967,1.003
Spoofing,Min <= 2716.5,2.092361645971922,1.0,0.9998,1.0
Spoofing,UDP <= 1.0,2.5001525304253027,1.0,1.0,1.0
