classe,cobertura,seletividade,lift
Benign,0.6669691470054446,0.21381705905055962,3.119344873449652
Benign,0.8287961282516636,0.922327286761868,0.8985922244168052
Benign,0.0,0.11790814357390969,0.0
Benign,0.7773744706594071,0.23784253184098803,3.2684417906345216
Benign,0.9815486993345433,0.9737553068313393,1.0080034403392
Benign,0.9963702359346642,0.6015052103434967,1.6564615215314182
Benign,0.9909255898366606,0.9952720957159398,0.9956328466376297
Benign,0.8992740471869328,0.990930142802007,0.9075049878330449
Benign,1.0,0.998745658047086,1.001255917302676
Benign,0.7701149425287356,0.15852952527981473,4.85786443357749
Benign,0.33635813672111314,0.7873407950598225,0.42720780992372753
Benign,0.7268602540834845,0.8841181011192589,0.8221302710161774
Benign,0.9398064125831821,0.47115013508297954,1.9947068728265613
Benign,0.9370840895341803,0.36530297182555,2.5652243803307564
Benign,0.6001209921355112,0.9136433809340023,0.6568438021430392
Benign,0.4882032667876588,0.740930142802007,0.6589059326718708
Benign,0.9301270417422868,0.9216518718641451,1.009195630299106
Benign,0.7196007259528131,0.9612118873022,0.7486390206559882
Benign,0.9428312159709619,0.6290042454650714,1.4989266332755098
Benign,0.003629764065335753,0.3988807410266306,0.009099872949477443
Benign,0.9373865698729582,0.8248745658047086,1.1363989250395763
Benign,1.0,0.8814164415283674,1.1345374931581829
Benign,0.9966727162734422,0.9673871092242378,1.0302728936223773
Benign,0.9549304295220811,0.9487649556155925,1.0064984207837737
Benign,0.8620689655172413,0.7143959861057507,1.2067102591329941
Benign,0.926194797338173,0.539463527595523,1.7168812161711366
Benign,0.940713853599516,0.9962369741412582,0.9442671553225553
Benign,0.38263762855414396,0.20233500578927055,1.8911093859490453
Benign,0.9972776769509982,0.9989386337321497,0.9983372784622955
Benign,0.5819721718088324,0.8656889231956774,0.6722647780457801
Benign,0.003629764065335753,0.3988807410266306,0.009099872949477443
Benign,0.24803387779794314,0.5855847163257429,0.4235661739162766
Benign,0.720810647307925,0.9543612504824392,0.7552807146597245
Benign,0.5139140955837871,0.3794866846777306,1.3542348554869996
Benign,1.0,0.999421072944809,1.0005792624058698
Benign,0.45825771324863884,0.3522771130837514,1.300844409780579
Benign,0.9963702359346642,0.6015052103434967,1.6564615215314182
Benign,0.0027223230490018148,0.22037823234272483,0.012352958003439057
Benign,0.9506957047791893,0.28049015824006174,3.389408422542662
Benign,0.5931639443436176,0.6764762639907371,0.8768436912248257
Benign,1.0,0.8294094944037051,1.2056770590972545
Benign,0.837870538415003,0.9814743342338865,0.8536856331235835
Benign,0.7528735632183908,0.8539174064067927,0.8816702383271642
Benign,0.4482758620689655,0.8303743728290235,0.5398479008230025
Benign,0.9963702359346642,0.9012929370899266,1.1054898967162896
Benign,0.7422867513611615,0.9529139328444616,0.7789651570582299
Benign,0.9794313369630974,0.9385372443072173,1.0435721575290986
Benign,0.08953418027828192,0.5900231570822076,0.15174689197123692
Benign,0.05716878402903811,0.3705133153222694,0.15429616606170599
Benign,0.08106473079249849,0.48224623697414126,0.16809821327199967
Benign,0.837870538415003,0.9814743342338865,0.8536856331235835
Benign,0.3396854204476709,0.5317445001929757,0.6388132276392054
Benign,0.617362371445856,0.5706291007333076,1.08189780481313
Benign,0.38263762855414396,0.7303164801235045,0.5239339915887367
Benign,0.28039927404718695,0.03869162485526824,7.247027621508841
Benign,0.7698124621899577,0.2506754148977229,3.070953178651548
Benign,0.9972776769509982,0.9989386337321497,0.9983372784622955
Benign,0.956140350877193,0.9979737553068313,0.9580816587538652
Benign,0.41954022988505746,0.3269008104978773,1.2833869369919526
Benign,0.16515426497277677,0.7486491702045542,0.22060301613324634
Benign,0.24289171203871748,0.7617715167888846,0.31885113408097127
Benign,0.41954022988505746,0.3269008104978773,1.2833869369919526
Benign,0.9062310949788264,0.8571015052103435,1.0573206201013798
Benign,0.06291591046581972,0.6047857969895793,0.10403007276128838
Benign,0.05716878402903811,0.3709957545349286,0.15409552085226294
Benign,0.48003629764065336,0.23600926283288307,2.0339722766752786
Benign,0.45795523290986084,0.35179467387109226,1.3017685227311568
Benign,1.0,0.8223658818988807,1.2160037545465212
Benign,1.0,0.9276341181011193,1.0780112336176408
Benign,0.6460980036297641,0.8649170204554226,0.7470057685875586
Benign,0.0765275257108288,0.762736395214203,0.10033286229816947
Benign,0.6430732002419842,0.8616364338093401,0.7463393781979758
Benign,0.529340592861464,0.6384600540331918,0.8290896032063189
Benign,1.0,0.3447510613662679,2.9006437167646233
Benign,0.9373865698729582,0.8253570050173679,1.1357346750249402
Benign,0.9600725952813067,0.9887109224237746,0.9710346811257405
Benign,0.9972776769509982,0.7796217676572752,1.2791814163267508
Benign,0.24803387779794314,0.5855847163257429,0.4235661739162766
Benign,0.9134906231094979,0.8577769201080664,1.064951273105381
Benign,1.0,0.34455808568120416,2.9022682721926634
Benign,0.01119177253478524,0.5840409108452335,0.01916265166867904
Benign,0.530550514216576,0.6395214203010421,0.8296055415420327
Benign,1.0,0.8836356619065998,1.1316881415156148
Benign,0.9987900786448881,0.8802585874179853,1.134655308021004
Benign,0.616454930429522,0.7965071401003474,0.7739477769802018
Benign,0.7528735632183908,0.8539174064067927,0.8816702383271642
Benign,0.9827586206896551,0.6122153608645311,1.605249857340833
Benign,0.9969751966122202,0.6024700887688151,1.6548127702897262
Benign,0.06261343012704174,0.1746429949826322,0.3585224253241218
Benign,0.9987900786448881,0.8802585874179853,1.134655308021004
Benign,0.8771929824561403,0.6733886530297183,1.3026548316629083
Benign,0.11857229280096794,0.7925511385565419,0.14960838112846744
Benign,0.9951603145795523,0.989096873793902,1.006130280002193
Benign,0.48880822746521474,0.24450019297568507,1.9992140763415491
Benign,0.09709618874773139,0.43747587803936705,0.22194638292489813
Benign,0.44918330308529947,0.7540524893863373,0.5956923548529807
Benign,0.5517241379310345,0.24083365495947512,2.290893015030946
Benign,0.16515426497277677,0.7486491702045542,0.22060301613324634
Benign,0.0677555958862674,0.5495947510613662,0.1232828293127239
Benign,0.2676950998185118,0.03618294094944037,7.39837870538415
Benign,0.9987900786448881,0.8802585874179853,1.134655308021004
Benign,0.8451300665456746,0.8556541875723659,0.9877004972574843
Benign,0.11857229280096794,0.7925511385565419,0.14960838112846744
Benign,0.9963702359346642,0.9068892319567734,1.0986680631159549
Benign,0.9370840895341803,0.969027402547279,0.9670356968965692
Benign,0.4882032667876588,0.740930142802007,0.6589059326718708
Benign,0.7196007259528131,0.9613083751447318,0.748563878728792
Benign,0.26799758015728975,0.710536472404477,0.3771763879345669
Benign,0.6460980036297641,0.8649170204554226,0.7470057685875586
Benign,0.9370840895341803,0.3952142030104207,2.371078980452208
Benign,0.9506957047791893,0.28049015824006174,3.389408422542662
Benign,0.7196007259528131,0.9613083751447318,0.748563878728792
Benign,0.5139140955837871,0.3794866846777306,1.3542348554869996
Benign,0.0,0.6554419143187958,0.0
Benign,0.3191167574107683,0.32883056734851407,0.9704595286987097
Benign,0.9963702359346642,0.6011192589733694,1.6575250602290303
Benign,0.5420447670901392,0.24285989965264376,2.2319237052531595
Benign,0.2676950998185118,0.03618294094944037,7.39837870538415
Benign,0.5671506352087115,0.8444615978386724,0.6716121096095847
Benign,0.7952208106473079,0.3011385565418757,2.6407140280514896
Benign,0.7773744706594071,0.23784253184098803,3.2684417906345216
Benign,0.543859649122807,0.1381705905055963,3.936146231500539
Benign,0.0,0.11790814357390969,0.0
Benign,0.6460980036297641,0.8649170204554226,0.7470057685875586
Benign,1.0,0.9563874951756078,1.0456012913640034
Benign,0.9134906231094979,0.8577769201080664,1.064951273105381
Benign,0.0,0.14531069085295253,0.0
Benign,0.017241379310344827,0.38807410266306447,0.044428059466040226
Benign,0.5704779189352692,0.29978772674642995,1.9029395403428162
Benign,0.0012099213551119178,0.11974141258201466,0.010104451993859724
Benign,0.9134906231094979,0.8577769201080664,1.064951273105381
Benign,0.37326073805202664,0.1285218062524122,2.9042599768552586
Benign,0.720810647307925,0.9543612504824392,0.7552807146597245
Benign,0.8917120387174834,0.725781551524508,1.2286231812374364
Benign,0.0765275257108288,0.762736395214203,0.10033286229816947
Benign,0.00030248033877797946,0.32805866460825933,0.0009220312444396998
Benign,0.09376890502117362,0.1428984947896565,0.656192391383824
Benign,0.47580157289776165,0.6156889231956774,0.7727954084802384
Benign,0.9866908650937689,0.6192589733693554,1.5933412474029014
Benign,0.530550514216576,0.6395214203010421,0.8296055415420327
Benign,0.1485178463399879,0.7303164801235045,0.20336094060875076
Benign,0.46975196612220205,0.22935160169818603,2.048173906979597
Benign,0.9506957047791893,0.28049015824006174,3.389408422542662
Benign,0.7698124621899577,0.2504824392126592,3.0733190901913408
Benign,1.0,0.9862987263604786,1.0138916063392682
Benign,0.0,0.6554419143187958,0.0
Benign,1.0,0.34455808568120416,2.9022682721926634
Benign,0.18874773139745918,0.08645310690852953,2.1832382680840032
Benign,0.38263762855414396,0.20233500578927055,1.8911093859490453
Benign,0.9234724742891712,0.2361057506754149,3.9112663357306787
Benign,1.0,0.9563874951756078,1.0456012913640034
Benign,0.9984875983061101,0.9937282902354303,1.004789345455338
Benign,0.9827586206896551,0.6119258973369356,1.6060091997520634
Benign,0.8641863278886872,0.5574102663064454,1.5503595468648699
Benign,0.8771929824561403,0.6733886530297183,1.3026548316629083
Benign,0.604053236539625,0.819760710150521,0.7368653182081771
Benign,0.49879007864488806,0.25231570822076416,1.9768490918071207
Benign,0.969147005444646,0.6135661906599769,1.579531304360483
Benign,0.9882032667876588,0.8852759552296411,1.1162657936770894
Benign,0.5958862673926195,0.9094944037051331,0.6551840945530564
Benign,0.23018753781004234,0.7493245851022771,0.3071933610434302
Benign,0.26799758015728975,0.710536472404477,0.3771763879345669
Benign,0.7698124621899577,0.2504824392126592,3.0733190901913408
Benign,0.9388989715668482,0.930239289849479,1.0093090904801176
Benign,0.1793708408953418,0.4484754920879969,0.39995684058505215
Benign,0.073502722323049,0.4604399845619452,0.15963583699834027
Benign,0.9603750756200847,0.9974913160941722,0.9627904124324393
Benign,1.0,0.3458124276341181,2.891741071428571
Benign,0.9670296430732003,0.6033384793516017,1.60279789234138
Benign,1.0,0.9525279814743343,1.049837925445705
Benign,0.9969751966122202,0.6026630644538788,1.6542828910805396
Benign,0.6669691470054446,0.21381705905055962,3.119344873449652
Benign,0.48124621899576525,0.7355268236202238,0.6542877887540485
Benign,0.9942528735632183,0.8585488228483211,1.1580621242536744
Benign,0.0,0.6552489386337321,0.0
Benign,0.529340592861464,0.6384600540331918,0.8290896032063189
Benign,0.6001209921355112,0.9136433809340023,0.6568438021430392
Benign,1.0,0.8836356619065998,1.1316881415156148
Benign,0.9246823956442831,0.9175993824778078,1.0077190692384175
Benign,0.9373865698729582,0.8248745658047086,1.1363989250395763
Benign,0.055051421657592255,0.40717869548436897,0.1352021170756602
Benign,0.25650332728372655,0.037823234272481666,6.781633887674852
Benign,0.28039927404718695,0.03869162485526824,7.247027621508841
Benign,0.0,0.6552489386337321,0.0
Benign,0.25680580762250454,0.03936703975299112,6.523371054410876
Benign,0.9794313369630974,0.9385372443072173,1.0435721575290986
Benign,1.0,0.8294094944037051,1.2056770590972545
Benign,0.9428312159709619,0.6294866846777306,1.4977778544333307
Benign,0.5517241379310345,0.24083365495947512,2.290893015030946
Benign,0.40411373260738054,0.7109224237746044,0.5684357661160278
Benign,0.16515426497277677,0.7486491702045542,0.22060301613324634
Benign,0.616454930429522,0.7965071401003474,0.7739477769802018
Benign,0.957047791893527,0.9858162871478193,0.970817589819371
Benign,0.0,0.6552489386337321,0.0
Benign,0.47973381730187536,0.7235623311462756,0.6630165732119798
Benign,0.7320024198427102,0.29042840602084136,2.5204229499168935
Benign,0.4745916515426497,0.6150135082979544,0.77167679268717
Benign,0.9307320024198427,0.8824778077962177,1.0546803491230319
Benign,0.9591651542649727,0.9694133539174065,0.9894284521550888
Benign,1.0,0.9986491702045542,1.001352657004831
DoS/DDoS,0.22210774212540477,0.3646015125072717,0.6091794315334197
DoS/DDoS,0.9995584339122755,0.9217568353694008,1.0844057733639645
DoS/DDoS,0.028260229614365615,0.15488656195462477,0.18245759514401688
DoS/DDoS,0.9278775390050045,0.7322571262361838,1.2671471615091183
DoS/DDoS,0.9998528113040919,0.0,
DoS/DDoS,0.9998528113040919,0.9844386271087842,1.0156578417088102
DoS/DDoS,0.5264939652634678,0.07300756253635834,7.2114990142462245
DoS/DDoS,0.9567265234030027,0.2642524723676556,3.6205016923054743
DoS/DDoS,0.10847806888430969,0.8135543920884235,0.1333384343311608
DoS/DDoS,0.6396820724168384,0.13379872018615474,4.780928184715414
DoS/DDoS,0.1817780394465705,0.0,
DoS/DDoS,0.960847806888431,0.7162594531704479,1.3414801056172287
DoS/DDoS,0.8241095083897557,0.8804537521815009,0.9360054475863826
DoS/DDoS,0.5578451574919047,0.051774287376381616,10.774559839647013
DoS/DDoS,0.9393582572858404,0.9594240837696335,0.979085550568052
DoS/DDoS,0.6128937297615543,0.548283885980221,1.1178401288701452
DoS/DDoS,0.21254047689137473,0.009016870273414777,23.57142450169504
DoS/DDoS,0.4579040329702679,0.8590750436300174,0.5330198291355277
DoS/DDoS,0.07609655578451575,0.44575334496800467,0.17071449186764448
DoS/DDoS,0.9973506034736532,0.9237929028504944,1.0796257477148679
DoS/DDoS,0.9821901677951134,0.8243164630599186,1.1915207469582214
DoS/DDoS,0.5401825139829262,0.9597149505526469,0.562857245968571
DoS/DDoS,0.20768324992640566,0.8410413030831879,0.24693585102783422
DoS/DDoS,0.8982926111274654,0.2824316463059919,3.180566423332879
DoS/DDoS,0.517221077421254,0.9514252472367656,0.5436276564274751
DoS/DDoS,0.9826317338828378,0.36314717859220474,2.705877373719821
DoS/DDoS,0.9998528113040919,0.0,
DoS/DDoS,0.9720341477774507,0.7265852239674229,1.337811609310999
DoS/DDoS,1.0,0.9970913321698662,1.0029171528588097
DoS/DDoS,0.9966146599941125,0.5983129726585223,1.6657079246765965
DoS/DDoS,0.9998528113040919,0.9179755671902269,1.0891932716297426
DoS/DDoS,0.9933765086841331,0.9408086096567772,1.0558752316760085
DoS/DDoS,0.8651751545481307,0.9687318208260617,0.8931007900725035
DoS/DDoS,0.9969090373859287,0.8971785922047703,1.1111600812231555
DoS/DDoS,1.0,0.9598603839441536,1.0418181818181818
DoS/DDoS,0.010008831321754489,0.5671902268760908,0.017646339530354837
DoS/DDoS,0.9030026493965263,0.3075916230366492,2.93571925165509
DoS/DDoS,0.9852811304091845,0.9661140197789413,1.019839387730476
DoS/DDoS,0.17912864292022374,0.0,
DoS/DDoS,0.8105681483662055,0.17437463641652123,4.648429181122626
DoS/DDoS,0.015160435678539887,0.16826643397324026,0.09009780097289564
DoS/DDoS,0.3700323815130998,0.31762652705061084,1.1649920582802538
DoS/DDoS,0.031939947012069474,0.5776614310645725,0.055291811594911804
DoS/DDoS,0.641301148071828,0.8573298429319371,0.7480214917967583
DoS/DDoS,0.09949955843391227,0.7175683536940082,0.13866213291276464
DoS/DDoS,0.9995584339122755,0.9889470622454916,1.0107299693501186
DoS/DDoS,1.0,0.9806573589296103,1.019724158386475
DoS/DDoS,0.9988224904327347,0.9963641652123327,1.002467295900669
DoS/DDoS,0.7839269944068296,0.576934264107039,1.3587804420321048
DoS/DDoS,0.010450397409478953,0.06122745782431646,0.1706815500892572
DoS/DDoS,0.748160141301148,0.9083769633507853,0.823622979760918
DoS/DDoS,1.0,0.9598603839441536,1.0418181818181818
DoS/DDoS,0.9977921695613777,0.6220186154741129,1.6041194664260072
DoS/DDoS,0.6722107742125405,0.9904013961605584,0.6787255922886092
DoS/DDoS,0.7742125404768914,0.6071844095404305,1.2750863301363125
DoS/DDoS,1.0,0.95826061663758,1.0435574442252238
DoS/DDoS,0.008389755666764793,0.5442117510180338,0.015416344191521837
DoS/DDoS,0.7852516926700029,0.7150959860383944,1.0981066989625667
DoS/DDoS,0.9966146599941125,0.5983129726585223,1.6657079246765965
DoS/DDoS,0.9997056226081837,0.0,
DoS/DDoS,0.6554312628790109,0.04813845258871437,13.61554490500326
DoS/DDoS,0.9269944068295555,0.7322571262361838,1.2659411204290019
DoS/DDoS,0.21563143950544597,0.28519488074461896,0.7560845375009926
DoS/DDoS,0.9917574330291433,0.8091913903432228,1.2256154042969787
DoS/DDoS,0.9992640565204592,0.8947062245491565,1.1168627523788488
DoS/DDoS,0.8815130997939358,0.6945898778359512,1.2691130808591085
DoS/DDoS,0.07609655578451575,0.44575334496800467,0.17071449186764448
DoS/DDoS,0.976155431262879,0.7821407795229784,1.248055921413826
DoS/DDoS,1.0,0.9464805119255381,1.0565457897971728
DoS/DDoS,0.5937591992934943,0.462478184991274,1.2838642309251782
DoS/DDoS,0.1792758316161319,0.2370564281559046,0.7562580479708729
DoS/DDoS,0.989549602590521,0.9387725421756835,1.0540887788400346
DoS/DDoS,1.0,0.9755671902268761,1.0250447227191413
DoS/DDoS,0.7693553135119223,0.5610820244328097,1.37119936125142
DoS/DDoS,0.5594642331468943,0.2094240837696335,2.6714417132764203
DoS/DDoS,0.01663232263762143,0.17306573589296104,0.09610407601368483
DoS/DDoS,0.9998528113040919,0.29682955206515416,3.368440926274834
DoS/DDoS,0.5946423314689432,0.9037230948225713,0.6579917398101791
DoS/DDoS,0.38151309979393583,0.3743455497382199,1.0191468819670175
DoS/DDoS,0.4277303503090963,0.8773996509598604,0.48749774386297795
DoS/DDoS,0.05490138357374154,0.8256253635834788,0.06649672599137692
DoS/DDoS,0.044745363556078895,0.5157068062827225,0.08676512121026467
DoS/DDoS,0.00014718869590815426,1.0,0.00014718869590815426
DoS/DDoS,0.036797173977038564,0.7001163467132053,0.05255865564314856
DoS/DDoS,0.7843685604945541,0.7149505526468877,1.0970948376648808
DoS/DDoS,0.5497497792169561,0.09700407213496219,5.667285580053658
DoS/DDoS,0.822490432734766,1.0,0.822490432734766
DoS/DDoS,0.9998528113040919,0.29799301919720766,3.355289375562194
DoS/DDoS,1.0,0.9633507853403142,1.0380434782608696
DoS/DDoS,0.9437739181630851,0.964805119255381,0.9782016070680394
DoS/DDoS,0.9474536355607889,0.3148632926119837,3.0090952416240113
DoS/DDoS,0.9998528113040919,0.9844386271087842,1.0156578417088102
DoS/DDoS,0.9982337356491021,0.9744037230948226,1.0244559949736158
DoS/DDoS,0.40432734765969974,0.07795229784758581,5.186856049455401
DoS/DDoS,0.5428319105092729,0.9473531122745782,0.572998498105889
DoS/DDoS,0.38695908154253755,0.4489528795811518,0.8619146889169058
DoS/DDoS,1.0,0.3344968004653869,2.9895652173913043
DoS/DDoS,0.09214012363850456,0.641215823152996,0.14369596056664943
DoS/DDoS,0.7843685604945541,0.714805119255381,1.0973180512635918
DoS/DDoS,0.989549602590521,0.9387725421756835,1.0540887788400346
DoS/DDoS,0.45922873123344127,0.7031704479348458,0.6530830932701431
DoS/DDoS,0.4053576685310568,0.09627690517742873,4.210331312416233
DoS/DDoS,1.0,0.9511343804537522,1.0513761467889908
DoS/DDoS,0.9986753017368266,0.9233566026759744,1.0815705425645645
DoS/DDoS,1.0,0.9633507853403142,1.0380434782608696
DoS/DDoS,0.015160435678539887,0.16826643397324026,0.09009780097289564
DoS/DDoS,0.7899617309390639,0.4853112274578243,1.6277425417851374
DoS/DDoS,0.38651751545481305,0.43717277486910994,0.8841298856511293
DoS/DDoS,1.0,0.4328097731239092,2.310483870967742
DoS/DDoS,0.041654400942007654,0.7613438045375218,0.0547116830711069
DoS/DDoS,0.2493376508684133,0.8830715532286213,0.28235271531146405
DoS/DDoS,0.98086546953194,0.7968295520651542,1.2309602059685378
DoS/DDoS,0.8744480423903445,0.9136125654450262,0.9571322412410074
DoS/DDoS,1.0,0.9898196625945317,1.0102850426094623
DoS/DDoS,0.5818369149249337,0.7754508435136708,0.750320822772664
DoS/DDoS,0.7742125404768914,0.6071844095404305,1.2750863301363125
DoS/DDoS,0.6239328819546659,0.6614310645724258,0.9433074969921466
DoS/DDoS,0.4390638798940241,0.9451716114019779,0.4645335033314833
DoS/DDoS,0.5497497792169561,0.09700407213496219,5.667285580053658
DoS/DDoS,1.0,1.0,1.0
DoS/DDoS,1.0,0.9771669575334497,1.023366572406608
DoS/DDoS,0.041654400942007654,0.7613438045375218,0.0547116830711069
DoS/DDoS,0.9998528113040919,0.9662594531704479,1.034766395323139
DoS/DDoS,0.47350603473653224,0.9269924374636417,0.5107981636097263
DoS/DDoS,0.9982337356491021,0.6957533449680047,1.4347523340976642
DoS/DDoS,1.0,0.997673065735893,1.0023323615160349
DoS/DDoS,0.9992640565204592,0.8206806282722513,1.2176040497314686
DoS/DDoS,0.0,0.6266724840023269,0.0
DoS/DDoS,0.9880777156314395,0.8043920884235021,1.2283533488847909
DoS/DDoS,0.38651751545481305,0.43717277486910994,0.8841298856511293
DoS/DDoS,1.0,0.9970913321698662,1.0029171528588097
DoS/DDoS,0.8191050927288784,1.0,0.8191050927288784
DoS/DDoS,0.8102737709743891,0.8043920884235021,1.0073119597215512
DoS/DDoS,0.4177215189873418,0.22164048865619546,1.884680554171235
DoS/DDoS,0.6124521636738298,0.5455206515415939,1.1226929025383243
DoS/DDoS,0.9474536355607889,0.3148632926119837,3.0090952416240113
DoS/DDoS,0.9071239328819547,0.20186154741128562,4.493792624276888
DoS/DDoS,0.9384751251103916,0.8513670738801629,1.1023155039731898
DoS/DDoS,0.8982926111274654,0.2824316463059919,3.180566423332879
DoS/DDoS,0.7559611421842802,0.4687318208260617,1.6127796505302856
DoS/DDoS,0.15587282896673535,0.027050610820244327,5.762266515996088
DoS/DDoS,0.01280541654400942,0.16114019778941244,0.07946754887780576
DoS/DDoS,1.0,1.0,1.0
DoS/DDoS,0.15145716808949072,0.8416230366492147,0.17995843922297186
DoS/DDoS,0.38151309979393583,0.37347294938917974,1.0215280662706787
DoS/DDoS,0.21474830732999706,0.2849040139616056,0.7537566928029912
DoS/DDoS,0.9992640565204592,0.8947062245491565,1.1168627523788488
DoS/DDoS,0.9433323520753606,0.2741419429901105,3.4410362084191934
DoS/DDoS,0.748160141301148,0.9083769633507853,0.823622979760918
DoS/DDoS,0.7759788048277892,0.9642233856893543,0.8047707785815805
DoS/DDoS,0.766264350897851,0.5353403141361257,1.4313593253935406
DoS/DDoS,1.0,1.0,1.0
DoS/DDoS,0.03370621136296732,0.710587550901687,0.047434283530856186
DoS/DDoS,0.6811892846629379,0.7636707388016288,0.8919934338873284
DoS/DDoS,0.9567265234030027,0.2642524723676556,3.6205016923054743
DoS/DDoS,0.9994112452163674,0.9799301919720768,1.019880041868172
DoS/DDoS,1.0,0.9755671902268761,1.0250447227191413
DoS/DDoS,0.9992640565204592,0.8417684700407213,1.1871008383957633
DoS/DDoS,0.9989696791286429,0.7979930191972077,1.2518526542169761
DoS/DDoS,1.0,0.9752763234438627,1.0253504324485536
DoS/DDoS,0.4502502207830439,0.9029959278650378,0.4986182184094395
DoS/DDoS,0.9992640565204592,0.8417684700407213,1.1871008383957633
DoS/DDoS,0.9649690903738593,0.29988365328679467,3.217811573913994
DoS/DDoS,0.8042390344421548,0.13772542175683536,5.8394378044606725
DoS/DDoS,1.0,0.9842931937172775,1.0159574468085106
DoS/DDoS,0.620253164556962,0.9997091332169866,0.620433628090438
DoS/DDoS,0.9973506034736532,0.6288539848749273,1.5859812094090748
DoS/DDoS,0.9384751251103916,0.8513670738801629,1.1023155039731898
DoS/DDoS,0.989549602590521,0.9387725421756835,1.0540887788400346
DoS/DDoS,0.781571975272299,0.5677719604421175,1.376559657267502
DoS/DDoS,0.8192522814247866,0.891215823152996,0.9192523967161932
DoS/DDoS,1.0,0.5379581151832461,1.8588807785888077
DoS/DDoS,0.0395937591992935,0.7085514834205934,0.05587986212117038
DoS/DDoS,1.0,0.362565445026178,2.7581227436823106
DoS/DDoS,0.503826906093612,0.041884816753926704,12.028867382984986
DoS/DDoS,0.031939947012069474,0.5776614310645725,0.055291811594911804
DoS/DDoS,0.2749484839564321,0.8903432228039558,0.3088117895596908
DoS/DDoS,0.9845451869296438,0.8689645142524723,1.1330096577955198
DoS/DDoS,0.5263467765675596,0.8820535194880744,0.5967288434754394
DoS/DDoS,0.1817780394465705,0.0,
DoS/DDoS,0.6655872828966736,0.16055846422338568,4.1454512293455865
DoS/DDoS,0.9433323520753606,0.2741419429901105,3.4410362084191934
DoS/DDoS,0.9882249043273477,0.8043920884235021,1.2285363301672108
DoS/DDoS,1.0,0.9410994764397905,1.062586926286509
DoS/DDoS,0.1939947012069473,0.7174229203025014,0.27040493928622944
DoS/DDoS,0.7530173682661172,0.5804246655031995,1.2973559068398453
DoS/DDoS,0.897851045039741,0.9504072134962187,0.9447014209171016
DoS/DDoS,0.4177215189873418,0.22164048865619546,1.884680554171235
DoS/DDoS,0.9992640565204592,0.8417684700407213,1.1871008383957633
DoS/DDoS,0.02664115395937592,0.15401396160558464,0.17297882400818584
DoS/DDoS,0.9845451869296438,0.8689645142524723,1.1330096577955198
DoS/DDoS,0.748160141301148,0.9083769633507853,0.823622979760918
DoS/DDoS,0.8735649102148955,0.8644560791157649,1.0105370663926012
DoS/DDoS,0.8848984397998234,0.18164630599185572,4.871546574910798
DoS/DDoS,0.010008831321754489,0.5671902268760908,0.017646339530354837
DoS/DDoS,0.6167206358551663,0.9930191972076788,0.6210561060544997
DoS/DDoS,1.0,1.0,1.0
DoS/DDoS,0.5307624374448042,0.9416812100058173,0.5636328216016177
DoS/DDoS,1.0,0.9898196625945317,1.0102850426094623
DoS/DDoS,0.8102737709743891,0.8043920884235021,1.0073119597215512
Reconnaissance,0.997196261682243,0.9986990459670425,0.9984952581151768
Reconnaissance,0.18878504672897195,0.42168256721595837,0.44769469123509803
Reconnaissance,0.9981308411214953,0.9867302688638335,1.0115538892617422
Reconnaissance,0.9490654205607477,0.893235039028621,1.0625035730716983
Reconnaissance,0.8897196261682243,0.8450997398091934,1.0527983671715544
Reconnaissance,0.8897196261682243,0.8450997398091934,1.0527983671715544
Reconnaissance,0.4780373831775701,0.7680832610581093,0.6223770356862447
Reconnaissance,0.9939252336448599,0.9762359063313096,1.0181199310523485
Reconnaissance,0.15,0.3313963573287077,0.45263020151792727
Reconnaissance,0.9742990654205608,0.9930615784908933,0.9811063951352896
Reconnaissance,0.9733644859813084,0.9699913269731136,1.0034775146069819
Reconnaissance,0.9985981308411215,0.9988725065047702,0.9997253146303838
Reconnaissance,0.8556074766355141,0.21457068516912403,3.987532015201082
Reconnaissance,0.672429906542056,0.3588031222896791,1.8740915693569993
Reconnaissance,0.36121495327102804,0.3332176929748482,1.0840209295197691
Reconnaissance,0.6738317757009346,0.2044232437120555,3.2962581136324887
Reconnaissance,0.19345794392523363,0.685429314830876,0.28224346367935516
Reconnaissance,0.16261682242990655,0.3095403295750217,0.5253493871159491
Reconnaissance,0.07149532710280374,0.23373807458803122,0.3058779671596761
Reconnaissance,0.07009345794392523,0.3740676496097138,0.1873817690919216
Reconnaissance,0.866822429906542,0.9657415437987857,0.897571856023568
Reconnaissance,0.5327102803738317,0.7691240242844752,0.6926194782036852
Reconnaissance,0.058878504672897194,0.3428447528187337,0.17173517806185296
Reconnaissance,0.8766355140186916,0.7709453599306157,1.1370916274761518
Reconnaissance,0.2827102803738318,0.402081526452732,0.7031168103344004
Reconnaissance,0.6191588785046729,0.8965307892454467,0.6906164137717788
Reconnaissance,0.09532710280373832,0.46600173460537725,0.204563836837354
Reconnaissance,0.8883177570093458,0.8425845620121423,1.0542772762035777
Reconnaissance,0.7425233644859813,0.927580225498699,0.800495034364036
Reconnaissance,0.8911214953271028,0.8498699045967042,1.048538712227931
Reconnaissance,0.9841121495327103,0.9960971379011275,0.9879680526001001
Reconnaissance,0.12196261682242991,0.2738074588031223,0.44543204686810794
Reconnaissance,0.02570093457943925,0.2915004336513443,0.08816774046442565
Reconnaissance,0.672429906542056,0.3588031222896791,1.8740915693569993
Reconnaissance,0.4780373831775701,0.7680832610581093,0.6223770356862447
Reconnaissance,0.4883177570093458,0.6992194275802255,0.6983755567251001
Reconnaissance,0.12196261682242991,0.2738074588031223,0.44543204686810794
Reconnaissance,0.866822429906542,0.9657415437987857,0.897571856023568
Reconnaissance,0.0,0.5889852558542932,0.0
Reconnaissance,0.9205607476635514,0.9203816131830008,1.0001946306597012
Reconnaissance,0.8892523364485981,0.9741543798785777,0.9128453916713262
Reconnaissance,0.12242990654205607,0.2744145706851691,0.44614943818897174
Reconnaissance,0.672429906542056,0.3588031222896791,1.8740915693569993
Reconnaissance,0.9495327102803738,0.7233304423243712,1.3127232793204688
Reconnaissance,0.06869158878504673,0.103122289679098,0.6661177617254742
Reconnaissance,0.3294392523364486,0.8489158716392021,0.3880705536819833
Reconnaissance,0.2014018691588785,0.8099739809193408,0.24865227020043573
Reconnaissance,0.9742990654205608,0.9884648742411102,0.9856688799069111
Reconnaissance,0.2130841121495327,0.4562012142237641,0.46708361465477416
Reconnaissance,0.13925233644859814,0.7807458803122289,0.1783580803435166
Reconnaissance,0.9981308411214953,0.9991326973113617,0.9989972741433022
Reconnaissance,0.9490654205607477,0.8908065915004336,1.065400087534361
Reconnaissance,0.8897196261682243,0.8450997398091934,1.0527983671715544
Reconnaissance,0.7425233644859813,0.927580225498699,0.800495034364036
Reconnaissance,0.3467289719626168,0.8521248915871639,0.40689924139735084
Reconnaissance,0.20373831775700935,0.45065047701647876,0.45209830710899107
Reconnaissance,0.9925233644859813,0.8837814397224631,1.123041647941449
Reconnaissance,0.006074766355140187,0.10685169124024284,0.05685231824250516
Reconnaissance,0.9598130841121495,0.9962705984388551,0.9634060119973086
Reconnaissance,0.8523364485981308,0.6693842150910668,1.2733142332646343
Reconnaissance,0.9794392523364486,0.8750216825672159,1.1193314084090844
Reconnaissance,0.08785046728971962,0.09297484822202949,0.9448842237411075
Reconnaissance,0.9897196261682243,0.9871639202081527,1.0025889377718877
Reconnaissance,0.2542056074766355,0.735906331309627,0.34543201581680705
Reconnaissance,0.8509345794392523,0.9429314830875976,0.902435218996926
Reconnaissance,0.09719626168224299,0.7488291413703383,0.1297976485054739
Reconnaissance,0.8850467289719626,0.8679965307892454,1.019643163973494
Reconnaissance,0.3467289719626168,0.8521248915871639,0.40689924139735084
Reconnaissance,0.8514018691588785,0.9973113616652212,0.8536971520481668
Reconnaissance,0.15,0.3313963573287077,0.45263020151792727
Reconnaissance,0.9074766355140187,0.9572419774501301,0.9480117429986985
Reconnaissance,0.5429906542056074,0.6456201214223765,0.8410373781556493
Reconnaissance,0.9803738317757009,0.9747614917606244,1.0057576546288667
Reconnaissance,0.30654205607476637,0.36799653078924544,0.8330025704789197
Reconnaissance,0.006074766355140187,0.10685169124024284,0.05685231824250516
Reconnaissance,0.8841121495327103,0.8242844752818733,1.0725813430252684
Reconnaissance,0.8565420560747663,0.5790980052038162,1.4790968858083053
Reconnaissance,0.36121495327102804,0.3332176929748482,1.0840209295197691
Reconnaissance,0.2794392523364486,0.6636600173460537,0.4210578384003205
Reconnaissance,0.5593457943925234,0.37476149176062445,1.4925380720541066
Reconnaissance,0.13925233644859814,0.7807458803122289,0.1783580803435166
Reconnaissance,0.012149532710280374,0.1966175195143105,0.06179272701787945
Reconnaissance,0.8775700934579439,0.7255854293148308,1.2094648789827986
Reconnaissance,0.8892523364485981,0.9746747614917606,0.912358020933648
Reconnaissance,0.8336448598130841,0.5709453599306158,1.4601132057792587
Reconnaissance,0.983177570093458,0.9829141370338248,1.000268012280735
Reconnaissance,0.927570093457944,0.647441457068517,1.432670218026804
Reconnaissance,0.17289719626168223,0.31535125758889854,0.5482686119079198
Reconnaissance,0.058878504672897194,0.3428447528187337,0.17173517806185296
Reconnaissance,0.34626168224299064,0.4259323503902862,0.8129499483326578
Reconnaissance,0.15,0.3313963573287077,0.45263020151792727
Reconnaissance,0.09626168224299066,0.47779705117085863,0.20146981235463465
Reconnaissance,0.11168224299065421,0.15741543798785776,0.7094745243428336
Reconnaissance,0.25747663551401867,0.10754553339115351,2.3941174253843833
Reconnaissance,0.8457943925233645,0.9039895923677363,0.9356240377812907
Reconnaissance,0.11401869158878504,0.32870771899392887,0.3468695287648263
Reconnaissance,0.8785046728971962,0.8970511708586296,0.9793250390123439
Reconnaissance,0.1378504672897196,0.7798785776235906,0.17675888432500747
Reconnaissance,0.866822429906542,0.9657415437987857,0.897571856023568
Reconnaissance,0.8457943925233645,0.9026886383347789,0.936972458281552
Reconnaissance,0.7261682242990655,0.36392020815264525,1.995405058667356
Reconnaissance,0.5158878504672897,0.23226366001734605,2.221130289726606
Reconnaissance,0.14345794392523364,0.6282740676496097,0.2283365672912678
Reconnaissance,0.09626168224299066,0.47779705117085863,0.20146981235463465
Reconnaissance,0.6014018691588785,0.34423243712055507,1.7470807637696824
Reconnaissance,0.8785046728971962,0.8607979184735473,1.0205701640810754
Reconnaissance,0.17289719626168223,0.31535125758889854,0.5482686119079198
Reconnaissance,0.7831775700934579,0.5425845620121422,1.4434202978225015
Reconnaissance,0.6434579439252337,0.4837814397224631,1.330059177744343
Reconnaissance,0.7299065420560747,0.94275802254987,0.7742246945636193
Reconnaissance,0.3275700934579439,0.6411968777103209,0.5108728767171775
Reconnaissance,0.8294392523364486,0.9444058976582828,0.8782656423399074
Reconnaissance,0.9598130841121495,0.9962705984388551,0.9634060119973086
Reconnaissance,0.405607476635514,0.40867302688638335,0.9924987702902115
Reconnaissance,0.7962616822429907,0.6401561144839549,1.2438554662324457
Reconnaissance,0.8523364485981308,0.6693842150910668,1.2733142332646343
Reconnaissance,0.19813084112149532,0.42584562012142235,0.46526448027104705
Reconnaissance,0.9102803738317757,0.9013876843018214,1.0098655547272561
Reconnaissance,0.9878504672897196,0.9806591500433651,1.0073331465331623
Reconnaissance,0.025233644859813085,0.15611448395490027,0.16163551401869158
Reconnaissance,0.0,0.5891587163920208,0.0
Reconnaissance,0.8892523364485981,0.9743278404163053,0.912682876914041
Reconnaissance,0.8728971962616823,0.723417172593235,1.2066304607237976
Reconnaissance,0.02383177570093458,0.28048568950563746,0.08496610198879892
Reconnaissance,0.994392523364486,0.9773633998265394,1.0174235330901167
Reconnaissance,0.7322429906542056,0.8212489158716392,0.8916212569693728
Reconnaissance,0.32710280373831774,0.6936686903729402,0.4715548045889977
Reconnaissance,0.9939252336448599,0.9762359063313096,1.0181199310523485
Reconnaissance,0.9135514018691588,0.9060711188204683,1.0082557350006127
Reconnaissance,0.8434579439252337,0.9549869904596704,0.8832140671562932
Reconnaissance,0.13177570093457944,0.6052905464006938,0.21770652411172103
Reconnaissance,0.8850467289719626,0.8679965307892454,1.019643163973494
Reconnaissance,0.7079439252336449,0.8473547267996531,0.8354752771692862
Reconnaissance,0.8775700934579439,0.7255854293148308,1.2094648789827986
Reconnaissance,0.7747663551401869,0.6207285342584562,1.2481565005961093
Reconnaissance,0.05420560747663551,0.09748482220294882,0.5560415073003625
Reconnaissance,0.8738317757009346,0.7284475281873374,1.199580946997473
Reconnaissance,0.7261682242990655,0.36392020815264525,1.995405058667356
Reconnaissance,0.04158878504672897,0.3328707718993929,0.12493973204501954
Reconnaissance,1.0,0.9573287077189939,1.0445732922630913
Reconnaissance,0.09719626168224299,0.7495229835212489,0.12967749331130082
Reconnaissance,0.7065420560747664,0.9320034692107545,0.7580895129854883
Reconnaissance,0.5448598130841121,0.47424111014744147,1.1489088597036965
Reconnaissance,0.9733644859813084,0.9699913269731136,1.0034775146069819
Reconnaissance,0.06401869158878505,0.36643538594969643,0.17470663053696844
Reconnaissance,0.1191588785046729,0.1893321769297485,0.6293641178006772
Reconnaissance,0.5714953271028037,0.33868169991326974,1.6874112987183936
Reconnaissance,0.6710280373831776,0.5011274934952298,1.3390365647331324
Reconnaissance,0.08971962616822429,0.09861231569817866,0.9098217147929869
Reconnaissance,0.2677570093457944,0.1787510841283608,1.4979322259859336
Reconnaissance,0.8883177570093458,0.8425845620121423,1.0542772762035777
Reconnaissance,0.23177570093457944,0.2639202081526453,0.878203691020605
Reconnaissance,0.012149532710280374,0.1966175195143105,0.06179272701787945
Reconnaissance,0.994392523364486,0.9773633998265394,1.0174235330901167
Reconnaissance,0.9490654205607477,0.8908933217692975,1.0652963686784873
Reconnaissance,0.8186915887850468,0.9271465741543798,0.8830228268186707
Reconnaissance,0.9121495327102803,0.5236773633998265,1.7418158516312574
Reconnaissance,0.9976635514018691,0.7704249783174327,1.2949522399711304
Reconnaissance,0.05420560747663551,0.4048568950563747,0.13388831495407186
Reconnaissance,0.7322429906542056,0.930702515177797,0.7867637389099796
Reconnaissance,1.0,0.998959236773634,1.0010418475429763
Reconnaissance,0.6925233644859813,0.31751951431049436,2.181041899077674
Reconnaissance,0.985981308411215,0.978664353859497,1.0074764698671843
Reconnaissance,0.8514018691588785,0.9973113616652212,0.8536971520481668
Reconnaissance,0.811214953271028,0.928100607111882,0.8740592852270772
Reconnaissance,0.7299065420560747,0.94275802254987,0.7742246945636193
Reconnaissance,0.3126168224299065,0.4144839549002602,0.7542314213468972
Reconnaissance,0.8775700934579439,0.7255854293148308,1.2094648789827986
Reconnaissance,0.8331775700934579,0.5958369470945359,1.3983314968235183
Reconnaissance,0.09719626168224299,0.7488291413703383,0.1297976485054739
Reconnaissance,0.7322429906542056,0.9261058109280139,0.7906688220868131
Reconnaissance,0.9953271028037384,0.9980052038161318,0.9973165460438954
Reconnaissance,0.7429906542056075,0.8683434518647007,0.8556414545536012
Reconnaissance,0.9074766355140187,0.9404163052905464,0.9649733106591013
Reconnaissance,0.8509345794392523,0.9429314830875976,0.902435218996926
Reconnaissance,0.1378504672897196,0.7798785776235906,0.17675888432500747
Reconnaissance,0.9490654205607477,0.8908065915004336,1.065400087534361
Reconnaissance,0.07196261682242991,0.23920208152645273,0.30084444233597424
Reconnaissance,0.1014018691588785,0.5372072853425846,0.18875743484046967
Reconnaissance,0.8700934579439252,0.6758022549869904,1.287497121418565
Reconnaissance,0.2850467289719626,0.31040763226366,0.9182980679091167
Reconnaissance,0.9939252336448599,0.8931483087597571,1.1128333602568687
Reconnaissance,0.8523364485981308,0.6693842150910668,1.2733142332646343
Reconnaissance,0.7429906542056075,0.8725065047701648,0.8515588710726297
Reconnaissance,0.9920560747663552,0.9810928013876843,1.0111745528691722
Reconnaissance,0.9490654205607477,0.8908065915004336,1.065400087534361
Reconnaissance,0.12242990654205607,0.2744145706851691,0.44614943818897174
Reconnaissance,0.8098130841121496,0.7795316565481353,1.0388456675359463
Reconnaissance,0.8065420560747664,0.8832610581092801,0.9131411927083716
Reconnaissance,0.0,0.5891587163920208,0.0
Reconnaissance,0.1280373831775701,0.2831743278404163,0.4521503914356457
Reconnaissance,0.8892523364485981,0.9735472679965308,0.9134146493766001
Reconnaissance,0.23130841121495327,0.33174327840416307,0.6972512369433754
Reconnaissance,0.13551401869158877,0.6113616652211622,0.22165933260235757
Reconnaissance,0.9981308411214953,0.9867302688638335,1.0115538892617422
Reconnaissance,0.1280373831775701,0.2831743278404163,0.4521503914356457
Reconnaissance,0.8883177570093458,0.8411968777103209,1.0560164695657033
Reconnaissance,0.9102803738317757,0.9014744145706852,1.0097683962170843
Reconnaissance,0.5523364485981308,0.38404163052905466,1.438220246688448
Reconnaissance,0.8331775700934579,0.5958369470945359,1.3983314968235183
Spoofing,0.4909090909090909,0.7111111111111111,0.6903409090909091
Spoofing,0.9377622377622378,0.8987745098039216,1.0433787646768284
Spoofing,0.08881118881118881,0.26887254901960783,0.3303096174563814
Spoofing,0.07132867132867132,0.3013888888888889,0.2366665592472044
Spoofing,0.1055944055944056,0.2667483660130719,0.3958577410338513
Spoofing,0.9916083916083916,1.0,0.9916083916083916
Spoofing,0.6965034965034965,0.44607843137254904,1.561392453700146
Spoofing,0.6678321678321678,0.47883986928104577,1.3946878918726726
Spoofing,0.27412587412587414,0.4970588235294118,0.5514958414366699
Spoofing,0.9867132867132867,0.6631535947712418,1.4879106356253087
Spoofing,0.12937062937062938,0.3533496732026144,0.366126359189943
Spoofing,0.44755244755244755,0.6312908496732026,0.7089480986206753
Spoofing,0.7307692307692307,0.8456699346405229,0.8641305559477717
Spoofing,0.7552447552447552,0.9178921568627451,0.8228033648594396
Spoofing,0.6412587412587413,0.31584967320261437,2.0302656474410226
Spoofing,0.7916083916083916,0.9503267973856209,0.8329854464655015
Spoofing,0.9111888111888112,0.7304738562091503,1.2473941448329102
Spoofing,0.9804195804195804,0.9934640522875817,0.9868697092381303
Spoofing,0.7265734265734266,0.47908496732026146,1.516585733502514
Spoofing,0.05874125874125874,0.09607843137254903,0.6113886113886113
Spoofing,0.9090909090909091,0.9834150326797385,0.9244224247962721
Spoofing,1.0,0.99640522875817,1.0036077402427026
Spoofing,1.0,0.8555555555555555,1.168831168831169
Spoofing,0.16923076923076924,0.40841503267973855,0.4143597950359303
Spoofing,0.04965034965034965,0.14052287581699346,0.35332574402341843
Spoofing,0.9188811188811189,0.9904411764705883,0.9277493108228074
Spoofing,0.9454545454545454,0.9694444444444444,0.9752539723886429
Spoofing,0.9503496503496504,0.8594771241830066,1.1057300114334334
Spoofing,0.9797202797202798,0.9020424836601307,1.086113234650505
Spoofing,0.9503496503496504,0.8594771241830066,1.1057300114334334
Spoofing,0.990909090909091,0.9446078431372549,1.049016370241072
Spoofing,0.9867132867132867,0.663235294117647,1.4877273502550665
Spoofing,0.9286713286713286,0.6986111111111111,1.3293108481975282
Spoofing,0.7356643356643356,0.7017156862745098,1.0483794933672685
Spoofing,0.986013986013986,0.9731209150326797,1.0132491972807647
Spoofing,0.6412587412587413,0.31584967320261437,2.0302656474410226
Spoofing,0.15104895104895105,0.1065359477124183,1.4178214423613198
Spoofing,0.4902097902097902,0.36062091503267973,1.3593493049768537
Spoofing,0.14265734265734265,0.3741830065359477,0.3812501908571777
Spoofing,0.8706293706293706,0.8986928104575164,0.9687730451366815
Spoofing,1.0,0.445016339869281,2.2471085000917936
Spoofing,0.7769230769230769,0.6928104575163399,1.1214078374455734
Spoofing,0.0,0.554983660130719,0.0
Spoofing,0.8972027972027972,0.9717320261437908,0.9233026936070488
Spoofing,1.0,1.0,1.0
Spoofing,0.9867132867132867,0.663235294117647,1.4877273502550665
Spoofing,0.36643356643356645,0.60359477124183,0.6070853888937268
Spoofing,0.9916083916083916,1.0,0.9916083916083916
Spoofing,1.0,0.9988562091503268,1.0011451006052674
Spoofing,0.45874125874125876,0.6893790849673203,0.6654412191269267
Spoofing,0.8923076923076924,0.7431372549019608,1.2007306677491374
Spoofing,0.3902097902097902,0.2633986928104575,1.481441635287789
Spoofing,0.34475524475524477,0.6169934640522876,0.5587664454189878
Spoofing,0.35524475524475524,0.6616013071895425,0.536946876289924
Spoofing,0.43846153846153846,0.15841503267973855,2.767802594517396
Spoofing,0.35874125874125873,0.6841503267973856,0.5243602826597811
Spoofing,0.2230769230769231,0.30718954248366015,0.7261865793780687
Spoofing,0.5720279720279721,0.6661764705882353,0.8586733354945276
Spoofing,0.8573426573426574,0.6258169934640523,1.3699574576859173
Spoofing,0.5055944055944056,0.700735294117647,0.7215198233036638
Spoofing,0.7888111888111888,0.797140522875817,0.9895509840164959
Spoofing,0.7433566433566433,0.5659313725490196,1.3135102229948483
Spoofing,1.0,0.445016339869281,2.2471085000917936
Spoofing,0.34475524475524477,0.6169934640522876,0.5587664454189878
Spoofing,0.6993006993006993,0.7816176470588235,0.894683867402588
Spoofing,0.0,0.5548202614379085,0.0
Spoofing,0.9797202797202798,0.9020424836601307,1.086113234650505
Spoofing,0.6839160839160839,0.45065359477124184,1.5176092942590405
Spoofing,0.1986013986013986,0.27001633986928103,0.7355162235646351
Spoofing,0.6300699300699301,0.3819444444444444,1.6496376350921806
Spoofing,0.3797202797202797,0.6385620915032679,0.5946489539120041
Spoofing,0.9678321678321679,0.9847222222222223,0.9828478996321027
Spoofing,0.272027972027972,0.45187908496732027,0.6019928363085115
Spoofing,0.8664335664335664,0.6355392156862745,1.363304647531412
Spoofing,1.0,1.0,1.0
Spoofing,0.43356643356643354,0.6261437908496732,0.6924390849234273
Spoofing,0.7426573426573426,0.8609477124183007,0.8626044670834953
Spoofing,0.9916083916083916,0.9945261437908497,0.9970661885555503
Spoofing,0.3055944055944056,0.20220588235294118,1.5113032422123331
Spoofing,0.37552447552447554,0.6337418300653594,0.5925511899470904
Spoofing,0.827972027972028,0.8987745098039216,0.9212233090062378
Spoofing,0.5727272727272728,0.30367647058823527,1.88597842835131
Spoofing,0.3972027972027972,0.6958333333333333,0.5708303672375529
Spoofing,0.3972027972027972,0.6958333333333333,0.5708303672375529
Spoofing,0.6307692307692307,0.44689542483660133,1.4114470538602164
Spoofing,0.32517482517482516,0.2511437908496732,1.2947754912621536
Spoofing,0.7867132867132867,0.9493464052287581,0.8286893829062504
Spoofing,0.279020979020979,0.24665032679738563,1.1312410676438498
Spoofing,0.990909090909091,0.9434640522875817,1.0502881254526562
Spoofing,0.8944055944055944,0.733251633986928,1.2197798858523095
Spoofing,0.4090909090909091,0.6488562091503268,0.6304800714269362
Spoofing,0.3111888111888112,0.6301470588235294,0.49383521962285093
Spoofing,0.14265734265734265,0.45988562091503266,0.31020178968304746
Spoofing,0.0,0.554983660130719,0.0
Spoofing,0.3895104895104895,0.3156862745098039,1.2338531034183209
Spoofing,0.5146853146853146,0.716421568627451,0.7184112500568196
Spoofing,0.8377622377622378,0.7236928104575163,1.1576213355396017
Spoofing,0.3034965034965035,0.553921568627451,0.5479051921529797
Spoofing,0.990909090909091,0.9287581699346406,1.0669183033715053
Spoofing,0.8664335664335664,0.6355392156862745,1.363304647531412
Spoofing,0.627972027972028,0.39362745098039215,1.5953461233660489
Spoofing,0.4909090909090909,0.7111111111111111,0.6903409090909091
Spoofing,1.0,0.44607843137254904,2.241758241758242
Spoofing,0.7202797202797203,0.8417483660130719,0.8556948244417913
Spoofing,1.0,0.4451797385620915,2.2462837217838136
Spoofing,0.7552447552447552,0.8848039215686274,0.8535730197780059
Spoofing,0.993006993006993,0.9209967320261437,1.0781873143267626
Spoofing,0.4013986013986014,0.6754901960784314,0.5942330528687567
Spoofing,1.0,0.99640522875817,1.0036077402427026
Spoofing,0.3986013986013986,0.6751633986928105,0.5903776765345012
Spoofing,0.26433566433566436,0.2982843137254902,0.8861869437054318
Spoofing,0.3055944055944056,0.20220588235294118,1.5113032422123331
Spoofing,0.9825174825174825,0.6598856209150327,1.4889208847361628
Spoofing,0.9391608391608391,0.8993464052287582,1.0442704098227353
Spoofing,0.7965034965034965,0.9540032679738563,0.8349064654622589
Spoofing,0.6027972027972028,0.30416666666666664,1.9817990228949136
Spoofing,0.062237762237762236,0.10130718954248366,0.6143469433792014
Spoofing,0.6447552447552447,0.33839869281045754,1.905312456736889
Spoofing,0.15104895104895105,0.1065359477124183,1.4178214423613198
Spoofing,0.36713286713286714,0.550326797385621,0.6671179177117419
Spoofing,0.05874125874125874,0.09607843137254903,0.6113886113886113
Spoofing,0.14265734265734265,0.45988562091503266,0.31020178968304746
Spoofing,0.8706293706293706,0.6554738562091503,1.328244234887635
Spoofing,0.9265734265734266,0.890359477124183,1.040673402574669
Spoofing,0.4643356643356643,0.704983660130719,0.6586474135436935
Spoofing,0.9538461538461539,0.9965686274509804,0.9571304249120285
Spoofing,0.8377622377622378,0.7236928104575163,1.1576213355396017
Spoofing,0.5587412587412588,0.37834967320261437,1.4767853610436208
Spoofing,0.5265734265734265,0.25302287581699345,2.0811297194894225
Spoofing,0.9874125874125874,0.9759803921568627,1.0117135501364531
Spoofing,0.5342657342657343,0.6554738562091503,0.8150832092001231
Spoofing,0.16923076923076924,0.40841503267973855,0.4143597950359303
Spoofing,0.7965034965034965,0.9540032679738563,0.8349064654622589
Spoofing,0.8874125874125874,0.9011437908496732,0.9847624723418015
Spoofing,0.9405594405594405,0.9656862745098039,0.9739803343864257
Spoofing,1.0,0.445016339869281,2.2471085000917936
Spoofing,0.46503496503496505,0.7576797385620915,0.613761912015093
Spoofing,0.8482517482517482,0.6729575163398693,1.2604833554208326
Spoofing,0.990909090909091,0.9446078431372549,1.049016370241072
Spoofing,0.08671328671328671,0.38651960784313727,0.22434382358288507
Spoofing,0.0,0.5548202614379085,0.0
Spoofing,0.9391608391608391,0.8993464052287582,1.0442704098227353
Spoofing,0.11818181818181818,0.08790849673202615,1.344373099019939
Spoofing,0.8363636363636363,0.5602941176470588,1.4927225005965161
Spoofing,0.3111888111888112,0.6301470588235294,0.49383521962285093
Spoofing,0.6013986013986014,0.5796568627450981,1.0375079465988555
Spoofing,0.4370629370629371,0.27622549019607845,1.5822686630140046
Spoofing,0.6027972027972028,0.7277777777777777,0.8282709656755459
Spoofing,0.9867132867132867,0.6641339869281045,1.4857141873995117
Spoofing,0.7195804195804196,0.8379084967320262,0.8587816239922325
Spoofing,1.0,0.9988562091503268,1.0011451006052674
Spoofing,0.8846153846153846,0.9026960784313726,0.9799703419035485
Spoofing,0.9916083916083916,0.9945261437908497,0.9970661885555503
Spoofing,0.37552447552447554,0.6337418300653594,0.5925511899470904
Spoofing,0.6090909090909091,0.3889705882352941,1.565904794638254
Spoofing,0.6328671328671329,0.3374183006535948,1.8756159095142146
Spoofing,0.990909090909091,0.9446078431372549,1.049016370241072
Spoofing,0.7552447552447552,0.9178921568627451,0.8228033648594396
Spoofing,0.9377622377622378,0.8986928104575164,1.043473617291799
Spoofing,0.5342657342657343,0.6554738562091503,0.8150832092001231
Spoofing,0.7888111888111888,0.797140522875817,0.9895509840164959
Spoofing,0.43846153846153846,0.15841503267973855,2.767802594517396
Spoofing,0.8706293706293706,0.8986928104575164,0.9687730451366815
Spoofing,0.37552447552447554,0.6337418300653594,0.5925511899470904
Spoofing,0.0,0.5548202614379085,0.0
Spoofing,0.9377622377622378,0.8987745098039216,1.0433787646768284
Spoofing,0.9678321678321679,0.9847222222222223,0.9828478996321027
Spoofing,0.7671328671328671,0.9365196078431373,0.8191316665538073
Spoofing,0.05874125874125874,0.09607843137254903,0.6113886113886113
Spoofing,0.41468531468531467,0.27238562091503266,1.5224199915261702
Spoofing,0.3902097902097902,0.2633986928104575,1.481441635287789
Spoofing,0.7454545454545455,0.8621732026143791,0.8646227268420009
Spoofing,0.2055944055944056,0.43562091503267975,0.4719571501266925
Spoofing,0.7321678321678322,0.8501633986928104,0.8612083668781728
Spoofing,0.47762237762237764,0.6394607843137254,0.7469142586045615
Spoofing,0.0,0.554983660130719,0.0
Spoofing,0.5433566433566434,0.7205065359477124,0.7541314564786614
Spoofing,0.9265734265734266,0.890359477124183,1.040673402574669
Spoofing,0.8363636363636363,0.5602941176470588,1.4927225005965161
Spoofing,0.8706293706293706,0.9030228758169935,0.9641277025697544
Spoofing,0.513986013986014,0.7262254901960784,0.7077498943850614
Spoofing,0.272027972027972,0.45187908496732027,0.6019928363085115
Spoofing,0.5727272727272728,0.677124183006536,0.8458230958230958
Spoofing,0.413986013986014,0.2716503267973856,1.5239665597560335
Spoofing,0.7671328671328671,0.9365196078431373,0.8191316665538073
Spoofing,0.0,0.5549019607843138,0.0
Spoofing,0.6545454545454545,0.43423202614379086,1.5073633797998802
Spoofing,0.6412587412587413,0.31584967320261437,2.0302656474410226
Spoofing,0.8776223776223776,0.7309640522875817,1.2006368505753775
Spoofing,0.15944055944055943,0.43594771241830066,0.3657332173074302
Spoofing,0.8664335664335664,0.6355392156862745,1.363304647531412
Spoofing,0.9265734265734266,0.8562091503267973,1.082181177601025
Spoofing,0.827972027972028,0.8987745098039216,0.9212233090062378
Spoofing,0.1055944055944056,0.2667483660130719,0.3958577410338513
Spoofing,0.5853146853146853,0.7276143790849673,0.8044297943242475
Spoofing,0.28881118881118883,0.198937908496732,1.4517654829769822
Spoofing,0.27412587412587414,0.4970588235294118,0.5514958414366699
Spoofing,0.0,0.554983660130719,0.0
Spoofing,0.6027972027972028,0.7277777777777777,0.8282709656755459
Spoofing,0.6874125874125874,0.8098856209150327,0.8487773701129899
