Node,Degree,In degree nodes,Out degree nodes,Betweenness centrality,Local reaching centrality,Label
1075164529392186212084223707925516428068963221936,13,2,11,0.016403077112005823,0.8086577464035976,ack_flag_number > 0.1
745586487109724305384321573361999760499104808565,4,2,2,0.009486592458093208,0.6888694516079947,Header_Length <= 32.6
53149436127449868924240680690378258004358920789,2,1,1,0.0024034455233634205,0.45385452043456914,Std <= 28.22
1248437611222062269094667128421142588065502000586,4,2,2,0.013837355157320421,0.4881789523759278,rst_flag_number <= 0.15
792331884089540777882596353507246673619962020573,2,1,1,0.0069647289983596926,0.5960640369387784,Tot sum > 618.0
529227758651409631228480425428457185552285181315,2,1,1,0.0072234941185758276,0.6283176249817354,Tot size <= 90.95
1260996581259071097527833462707170428778657907709,4,2,2,0.023687973123514294,0.6661626032733251,SSH <= 0.05
598581671913471130647956824591506198796207170495,2,1,1,0.02116610966378078,0.716143473285058,Tot size <= 77.0
525381118122291178613547005998267981831493448012,5,3,2,0.032108804154276645,0.7722527175350276,HTTPS > 0.35
1035069942411780462596450318131727219922774582329,2,1,1,0.03081059270370078,0.5949304520114067,Rate <= 39547.11
1065678358868830613118634470078609803156730625463,28,14,14,0.23478329517644272,0.6852714487051845,Min > 59.0
450732185867019503557253938593748687470332854114,11,6,5,0.08363814987324895,0.8626241458173683,fin_flag_number <= 0.05
444903398511190255204347034984188376704789605296,27,12,15,0.12090032718437234,0.9180319387312169,syn_count <= 0.5
1211179840315814102050366698863412564375406693168,6,3,3,0.06386674034893819,0.6986097183789982,ack_count <= 10.5
651362461792400935886262818312778517146751498200,4,2,2,0.0014604878818978448,0.00444473452098335,AVG <= 206.35
509662846021224091981558506161146441974990569614,2,1,1,6.578774242783085e-05,0.0004807256120569238,ack_count > 5.5
313966293707852304271238602452879935845810138389,22,22,0,0.0,0.0,Class Benign
228369524332212249435307099043468580179851430248,8,2,6,0.016771488469601678,0.9056936636730848,Number <= 10.5
369704779461116629496268409534905407408423558101,2,1,1,0.0018157416910081314,0.538368720121229,Tot sum <= 3520.0
387587405642621519745509255499974046560031130251,11,6,5,0.043560257186214396,0.5856968303193351,syn_flag_number <= 0.05
1270562219278966630109242817886207307040672253255,7,5,2,0.010280431216722367,0.49450738823155577,Min <= 59.0
831459107027161355059853087709334160875522489318,2,0,2,0.0,0.8593674629279142,Time_To_Live > 69.8
674196853837619115087533412010134527129516958514,45,20,25,0.17632430725507225,1.0282295201150984,IAT > 0.0
395553839061760183450769792032050296186856610739,7,4,3,0.04207345420734542,0.6491871930713757,HTTP <= 0.25
1437081467055428746021978433282703033443826359871,11,6,5,0.05496346587370508,0.7426709281865306,fin_count <= 1.5
796663833304951335607215153502823208410961469538,4,2,2,0.007876985693358946,0.8150471675170766,syn_flag_number <= 0.15
774208217208898530265820716038953292986810213011,2,1,1,0.005447225073024395,0.5840338660250636,Std > 598.22
1025520312540656970049943517486942098102090587070,6,3,3,0.019977544450584635,0.6479283817283501,DNS <= 0.05
622666970840200344191566336878595586235437997465,10,5,5,0.05054252958255485,0.8032792169163399,HTTPS > 0.15
953913665845140399695198589392976727662944162410,8,4,4,0.06018701262247485,0.7275168752496537,Max > 1507.0
569527265265868573570325283223576200882124786394,2,1,1,0.014008403287632781,0.7891925116824512,ack_flag_number > 0.35
299942158036777560429240003267347668566940654871,2,1,1,0.00250870591124795,0.0025490028835528995,Tot size > 350.75
1124213884117542697417192597182180274792342289779,2,1,1,0.0011754076647105779,0.0020565594016103716,Variance <= 571308.56
392411771682679707527492238297144199619242557498,4,2,2,0.0027543134829785183,0.0015814730144358947,rst_flag_number <= 0.1
823667221673605223908033781583315449730179591180,2,1,1,2.1929247475943617e-05,0.0005040148784545628,Time_To_Live <= 202.1
522296290625812105210965960736507767100196631621,12,4,8,0.027087006482285556,0.7144068316067252,ack_count > 0.5
1180772193218401498113880918061067704338583680853,2,1,1,0.0040525249335543806,0.002021332555266773,syn_flag_number > 0.1
450888053468968058004736573118422158697206088732,2,1,1,0.0027148408375218197,0.0015159994164500798,rst_count <= 9.5
135218022300416971984138762094495387107563226576,2,1,1,0.0013683850424988818,0.0010106662776333865,syn_count > 9.5
1052395324327561835603722649024062637786820972558,2,1,1,1.3157548485566169e-05,0.0005053331388166932,Number > 21.0
703354571316526670705826685636552632944029910339,58,58,0,0.0,0.0,Class DoS/DDoS
737353391047160921689703947234990300017800519006,2,1,1,0.0004692858959851934,0.49263471791813973,AVG > 72.55
237495190485034945823156883082714997515285584755,2,1,1,0.0020350341657675674,0.5162011496866972,DHCP <= 0.05
466266383504612808955807328124660275084734411073,2,1,1,0.0035920107365595643,0.5441868366073429,psh_flag_number > 0.05
18451952157075982996268275914942224630362834167,2,1,1,0.0051402156083611835,0.5780269062390947,Rate <= 335.24
1220799681354223785193438987264436551740754232467,2,1,1,0.006679648781172425,0.619906972633493,Time_To_Live <= 139.05
1459038864937564118531243094993440061825756632364,4,2,2,0.015166267554362605,0.6733822203498089,HTTPS > 0.45
883213370144670373722979335944220487736753131083,2,1,1,0.011122514319798603,0.7570806472223588,Max > 153.5
1367466275793494495487688982288844671879356068319,4,2,2,0.07933124566897362,0.6619214139485581,Header_Length > 11.8
1037584906676310569385606190963094293221882392926,2,1,1,0.0,0.6420328024116497,Header_Length <= 29.4
913934229985918927260874460680951411120138465741,4,2,2,0.009986579300544723,0.5175682721435217,Max <= 1493.5
609793686190684687059712071953436220871075398054,7,3,4,0.009925177407612082,0.5378495907463233,Max <= 1513.0
776648585396230254201433345253227033476602560220,2,1,1,8.771698990377447e-06,0.0005057725589374033,Tot size > 62.95
1099727549522855783864797575311522371614377295046,8,2,6,0.027319456505530557,0.6031651135221302,HTTPS > 0.1
1271685220936427656436548112584081639555402886398,2,1,1,0.006618246888239783,0.6195616291252778,Variance <= 562976.78
761363108908658183045851163077875448346092207002,2,1,1,0.0029560625597571995,0.657349924243324,Tot sum <= 30949.0
836578261654120794657391343844453847547234002369,2,1,1,0.003214827679973334,0.7161450085575558,Time_To_Live > 66.0
1313313205130014714347127647863310026252814877850,2,1,1,0.0034735928001894687,0.7947723289602928,Time_To_Live <= 232.25
1342412290037990275801029368844730198597963714935,8,4,4,0.022657298492144946,0.9085295671702055,ICMP <= 0.05
876121379949928295909454210951193330045979237216,2,1,1,0.006065629851846005,0.6397721780531552,Std > 448.37
854737470679532947107657314026081295833069183844,3,2,1,0.0021929247475943616,0.6009172865093563,UDP <= 0.14
450619439970260140363444461884469391454835761557,2,1,1,0.00018420567879792637,0.0005286224052143322,Variance > 92557.64
228352784087401773064080368050365694341687966897,5,2,3,0.0036665701779777728,0.6340713106636033,Std <= 755.85
1399401813432697514972361185561401703116868648764,4,2,2,0.0038463900072805103,0.623430313734338,Number <= 22.0
394083753513914301384721806483963457225439561087,1,0,1,0.0,0.9350011734826031,Header_Length > 20.38
1144197040251997211190350465913788187543239067957,11,5,6,0.029455365209687466,1.0182184832291459,syn_count > 0.5
467241809142469580954101248130479217213781612207,2,1,1,1.7543397980754893e-05,0.000536092547266405,syn_count > 10.5
1331163826998701005988327749618535286588076394133,2,1,1,3.5086795961509786e-05,0.570891010140231,Header_Length > 23.8
398927191248703264102191878649203257886026496233,2,1,1,0.0016534652596861487,0.6034310432442371,Variance > 623806.34
1368085777749806954510424449031662725325551931919,2,1,1,0.0032630720244204102,0.6430662945211455,ARP <= 0.05
890157151933730487206560358436928763492526365967,2,1,1,0.004863907090164294,0.6926528256073538,Min <= 970.5
1254652323580417465321813615400850719079092153960,4,2,2,0.006473513854898556,0.7572169020851468,IPv > 0.85
297159962591209266883682523885187846035591003400,2,1,1,0.0013420699455277494,0.5454303290516306,Min <= 154.0
876906660692558949267778359831024521684096312962,2,1,1,0.001600835065743884,0.5886023974679249,Variance <= 3350968.12
511591514204494996345684360765622442170002798897,4,2,2,0.011964597422874836,0.6456448189403142,Max > 2958.0
1277578065395582997390985360652132583624767470358,2,1,1,0.0035613097900932433,0.7843053013678585,Std <= 1833.38
400381712981511484664070085984055454620756473568,2,1,1,0.004245502311342684,0.0026820739434412957,psh_flag_number <= 0.2
332764691206988582057718629617666658783570619567,2,1,1,0.0029122040648053124,0.002137559177194612,Variance > 571308.56
124181416782325075940557531987760243047869062506,2,1,1,0.0,0.000538729067990666,ack_count <= 15.0
1394414938751630133600879251490207247212425569527,7,1,6,0.015881161022078368,0.79103616057595,ack_count > 1.5
832818805207219958385965786826879211534392508830,2,1,1,0.010539196336938502,0.5227603832819793,syn_count <= 4.5
1045874808088107332530545743065116310327379466881,6,3,3,0.018236362200994713,0.5603133673260997,Number <= 55.0
328841072803826724837110389485312510194016552872,6,6,0,0.0,0.0,Class Spoofing
956613943525031571374420419991157733051395288889,1,0,1,0.0,0.6928569885834033,Rate <= 1355.55
71289489250157073843808280449977051905804961170,10,5,5,0.08317763567625414,0.7856398796456503,psh_flag_number <= 0.25
834170176002351162089815128544616488077312328407,6,3,3,0.011324263396577284,0.5679596099814946,Header_Length <= 33.0
988533864090924689998327117632004085676706683697,2,1,1,0.0025130917607431385,0.5785712796536883,Rate > 121.29
831747041846740180737004389888464620526491013295,2,1,1,0.002771856880959273,0.6364241579315443,IRC <= 0.05
1197103207803047308000839155547999628248001264277,4,2,2,0.0038113032113190003,0.7209644206960752,syn_count <= 1.5
436321289875897528465499028965310311445215755872,2,1,1,0.005784935484153926,0.5373072601993749,Tot sum > 631.0
371591821625166726613853158278384607871803201524,12,6,6,0.04859082655719586,0.5988609885800701,fin_count <= 0.5
1323862965427776696036947695291374953401284971461,2,1,1,0.0,0.5975727352166197,Tot size <= 204.45
1211779019603258000957243660708019163554054981716,12,6,6,0.06092822118716174,0.7972231078167046,IAT <= 0.01
1202400470003894971655325614399469881292256509272,2,1,1,0.0027762427304544616,0.0016544167544737826,HTTPS > 0.4
324257255996341444250924282238468811742361554261,2,1,1,0.0014341727849267124,0.0011029445029825218,Std <= 573.92
34074896765766719437366549824949234562672804536,2,1,1,8.333114040858574e-05,0.0005514722514912609,Max <= 301.5
1018553467616496908475176424391053228891111154905,7,0,7,0.0,1.1636845673533678,TCP > 0.1
578090820621180084042190616769804575845934420364,13,7,6,0.07474364709700622,0.866134342050478,HTTP <= 0.05
392309697882436665536451611615504397657469986205,2,1,1,0.0013420699455277494,0.5992330326969763,Tot sum > 591.5
1237973980580025940325858167616113640843235459595,2,1,1,0.001600835065743884,0.6489039463402764,ack_flag_number <= 0.55
581472790269322698779126534108153174844124457892,4,2,2,0.007666464917589888,0.7138833135892144,Tot size <= 546.4
622378290932172203859505445258077236365739138030,2,1,1,0.006578774242783085,0.7832367791891581,Rate > 38.11
1238815493313229803767284947742880983558777714529,2,1,1,0.0003377104111295317,0.7534631050548418,ack_flag_number <= 0.95
1417934636759409488646659014188540628782694085883,5,3,2,0.011289176600615774,0.8376043267044735,ack_flag_number > 0.55
479558918440328824313980257606716486705651346406,2,1,1,0.006578774242783085,0.6555920447435156,Variance > 198750.05
43740599017155961745267266686215514673098991247,4,0,4,0.0,0.5960075591497455,Tot sum <= 5999.0
480622243251905441489889965862991046125458939243,2,1,1,0.0,0.7616097651225608,AVG > 62.65
984053500588784488228367892743500793516364787233,2,1,1,0.0040437532345640025,0.46955350555695735,Time_To_Live <= 161.55
76523785222702968606005854402947631102372927327,2,1,1,0.009473434909607642,0.004510208118969165,syn_count > 1.5
1304103064613305154034866345562235325963084635879,2,1,1,0.008153294211555837,0.003946432104098019,HTTPS <= 0.26
261809960037971438420289186308236045771928427897,2,1,1,0.006824381814513654,0.0033826560892268732,Std <= 55.65
982861737465550443797822186330435540154942808116,2,1,1,0.005486697718481093,0.002818880074355728,AVG <= 88.1
940512226975629965296538738181838624545539129217,2,1,1,0.004140241923458155,0.0022551040594845826,cwr_flag_number <= 0.05
780656447339424975669998279099129813803912414836,2,1,1,0.0027850144294448392,0.0016913280446134366,Header_Length <= 37.6
444843896754161623394905911924461747604963139459,2,1,1,0.0014210152364411463,0.0011275520297422913,Tot sum <= 889.5
129667429336600849652190762844194431447029181889,2,1,1,4.824434444707596e-05,0.0005637760148711456,Rate > 62.35
383116836596496468262090029448909352167655453320,3,3,0,0.0,0.0,Class Reconnaissance
138077334004252778430181930540733405593193044581,4,2,2,0.0167627167706113,0.5032735121977687,ack_count > 8.5
215322154371937964049723679897287616709960052998,2,1,1,0.007574362078190925,0.5791885385934556,Tot sum > 653.0
1387081056399495679439882211514993657010116846517,2,1,1,0.00783312719840706,0.6275576615743861,Tot sum <= 8403.0
405354473725904549589388532478448600812513409143,2,1,1,0.008091892318623194,0.6922201583870442,Rate > 136.08
939995650699590723201922265298166474358622686971,2,1,1,0.01996000105260388,0.5419342436488622,AVG <= 201.35
1018220883058315390792001266131730017588394075826,2,1,1,0.002938519161776445,0.6292146521262437,Max <= 1501.5
825772407670504315594556767788188293322909939823,5,3,2,0.009245370735857829,0.6691795579830049,HTTPS > 0.55
1018458204602455991644889288734705161316767948312,2,1,1,2.6315096971132338e-05,0.0005677307959575371,Std <= 346.63
1361653232660995247225098458485078879598815803506,8,4,4,0.04503390261659781,0.7835349327064425,Max > 1513.0
829650571075610833687368979855650942004633378987,10,5,5,0.0780549634658737,0.7654087149224327,rst_count <= 0.5
843002548960477477622483711282002215058518940907,4,2,2,0.05043288334517513,0.7326950626745988,Rate <= 3265.26
326422692296825843811100508251790776115352659574,5,4,1,3.070094646632106e-05,0.0035694096405286947,ack_count > 10.5
887410298125323304580009916080107716121325863727,3,0,3,0.0,0.6845742692211213,Rate <= 1319.67
39708696020348123235565526697395683715588118597,2,1,1,1.3157548485566169e-05,0.6186897057599187,IAT <= 0.05
1263975943052018020445551843902594361750291670747,2,1,1,0.0016271501627150163,0.6589135588825388,Variance > 2813.51
1057262703474651913660834877410341273440101450279,2,1,1,0.003232371077954089,0.7093749770259259,AVG > 92.05
31158052822109126636792237170785467052136843787,2,1,1,0.004828820294202785,0.7751111179214943,AVG <= 202.2
631465366138246779477533698662401654966400487210,2,1,1,0.004219187214371552,0.4642149331545924,Header_Length > 21.4
875731176622575420765562840084503318498783192379,2,1,1,0.004477952334587687,0.4923540435385502,HTTPS > 0.05
729090439143476131512000309647445146357753464353,2,1,1,0.004736717454803821,0.5281683564441221,Tot sum <= 3514.0
1024878119325809578755093240367609418988755042814,3,2,1,0.01109181337333228,0.5762270938600306,Time_To_Live <= 241.65
319488763998053370058054861272361034649617834884,11,5,6,0.02812645281264528,0.6466349405827678,syn_flag_number <= 0.1
521549965839577152187537545293086910980978866510,4,2,2,0.016293430874626105,0.6097987909989139,Max <= 1502.5
287821443460509989541134239124900878905846943910,2,1,1,0.0015394331728112419,0.7110127202126313,Tot sum > 3655.0
769883456016408675130867629565186605804844250268,2,1,1,0.0031446540880503146,0.7760742901188189,psh_flag_number <= 0.37
160617870897841111451605648390929784691552556427,2,1,1,0.002285027586993325,0.523509084173975,Variance > 680547.12
1245026685790655421385463149120880012921441103318,2,1,1,0.0039735796426409835,0.46674643792542936,TCP > 0.5
75076807411882376712545480296411618658635315001,2,1,1,0.004232344762857118,0.4942493799475227,Tot size > 790.65
1280070445702808825270612652459169078303947795821,2,1,1,0.004491109883073253,0.5292543007017075,Rate <= 561.46
576742253695607762951764783882693162844639509317,2,1,1,0.0,0.0005998084647693793,Max > 1502.5
1089278806871601723968592234327512044041647505481,5,2,3,0.013903142899748252,0.014108775687156157,Min <= 61.0
764735980117750030315605608738585207796786331778,2,1,1,0.0065963176407638395,0.010192079770369627,Max <= 64.0
242003031567136668363197194432475934037144718052,2,1,1,0.005276176942712034,0.010938074939392216,Time_To_Live <= 78.33
178313380883674538535079461257912540181207652075,2,1,1,0.003947264545669851,0.012865503414863226,ack_count > 13.0
208797973962340694904605892894863341665156159963,6,3,3,0.005591958106365622,0.019175415227550313,ARP <= 0.0
1420685708284266301654482384429494113974136251503,7,0,7,0.0,0.6808888565389491,Tot size > 62.99
669010142043334812880994917204690672892220988294,2,1,1,2.1929247475943617e-05,0.7418921931823212,Tot sum > 2199.5
287706430603178195962515513166763322582899449909,6,3,3,0.009201512240905941,0.8083330518753428,psh_flag_number <= 0.35
467419630406932571459402889509334424700560294682,2,1,1,0.00673227897511469,0.646039744054755,Min <= 1244.0
722481527646075884317646237155021822185490894379,2,1,1,0.0032981588203819198,0.6466680913125993,Min <= 1507.0
58977739486709030565696475807692003242045520459,2,1,1,0.0035569239405980548,0.6811391330847749,Tot size > 138.05
38876684936712147130762768298287451902109053099,2,1,1,0.0038156890608141893,0.7221593638522275,Variance > 173096.54
944163511000872468149254282351031011082291088324,3,1,2,0.005407752427567696,0.008280872174783117,AVG > 63.4
1070884623453240339280433190821302531375921195414,2,1,1,0.001363999193003693,0.0012664087878867041,Header_Length > 7.98
1259515608472676073103123575058680234823132293976,2,1,1,1.3157548485566169e-05,0.0006332043939433521,Tot sum > 15087.0
199737191447430138803116354132034043655074465787,2,1,1,0.0004649000464900047,0.6983022661033774,Rate <= 9671.28
1283881692392161277493995882646230642943665593038,2,1,1,0.0021446804031472855,0.6452617107034174,Min <= 72.0
990359920748717526760110089629081703072830752382,4,2,2,0.003723586221415226,0.7018503159182206,IAT <= 0.03
133930239342433631128276537975592981919354717081,2,1,1,0.004013052288097682,0.4705646118274891,rst_count <= 1.5
1127753242925124148421563386584774746262661462027,2,1,1,0.004271817408313817,0.4910002808808782,AVG <= 204.45
558214097872403342659570267817618905457622066308,2,1,1,0.004530582528529951,0.5156443196480621,Max <= 1502.0
329432857009351640730558022655178830695085912619,2,1,1,0.004789347648746086,0.5461811992413871,HTTPS <= 0.95
492059831088415984496740481587514332254607280136,2,1,1,0.022959922107312965,0.7769178834752144,Header_Length > 11.0
760255495060850404408588223994525456047654918389,2,1,1,0.0008333114040858574,0.6316444117819665,Tot size > 62.65
1421919128814804351690947703424341912816295245856,5,2,3,0.009508521705569152,0.7800094165991396,Tot sum <= 35426.0
820237168816403091456178268166039007939825388434,2,1,1,0.0013420699455277494,0.010944197526407445,ack_flag_number <= 0.81
1067319981965712872034330218970832335074422150196,4,3,1,8.771698990377447e-06,0.019969007965552874,Number > 10.5
240019841931461733319951309975157696724938261847,3,1,2,0.010539196336938502,1.6929015719412102,Variance <= 16.85
1417394437485653248370221845596117295625354908880,4,2,2,0.0013771567414892591,0.0025213926526349443,Number > 22.0
151444507604518152594472521617972724807284761113,3,2,1,0.0,0.005480447745497216,Tot sum <= 6001.0
845625221445319325732150460278565301810546003116,2,1,1,0.007455944141820829,0.558427817583925,Max > 1493.5
72988825123612038016896977355075383732386589131,4,2,2,0.014109277826022122,0.5812044691996378,fin_flag_number <= 0.0
395648652244969670113659251312984123434839001726,2,1,1,0.014341727849267126,0.6043599548307071,syn_count <= 3.5
1240401884464610778318695628466402756462828655241,2,1,1,0.014600492969483259,0.6329303940391988,ack_count <= 11.5
1252639526832289973629344770868355037803053633706,2,1,1,0.0014297869354315239,0.0013112296401991414,Tot sum > 3713.0
489573195238351656105740412854787983644059380819,2,1,1,8.333114040858574e-05,0.0006556148200995707,Max > 1498.5
1292811525283570822709640436693746544342173587717,3,1,2,0.03607799794742244,1.630016705489312,Rate > 47.19
423744820951928538799224631582991160814696992213,2,1,1,0.034985921423120445,1.908015989394798,TCP > 0.3
1242074094213274666803667927274434019568687379698,7,3,4,0.03704727068585915,2.340117669661351,HTTPS <= 0.1
1125172360728859089301234411074419920961484457594,5,3,2,0.004473566485092497,0.4418909044568542,Time_To_Live > 63.35
472512680751737609582395093648090616059092428020,2,1,1,0.004727945755813444,0.45756812128253094,Tot sum > 2495.5
423813136630461862428170049462436520474605241419,2,1,1,0.004986710876029578,0.4776753489890047,Std > 355.28
609964491472781634300320393105792312732988135165,2,1,1,0.005245475996245713,0.5022011666397772,Min <= 1504.0
961790671073174262019667008806020090392547209682,4,2,2,0.014951360929098358,0.5329592899539121,ack_flag_number > 0.85
613148910390529016751623441696139971801492582077,4,2,2,0.022139768251712676,0.588626567499427,psh_flag_number <= 0.45
1356918774125706948148669054462171222594891604227,2,1,1,0.001745568099085112,0.601439467212777,Variance <= 831186.41
798603967889225453342412611697162446110455859273,2,1,1,0.0020043332193012465,0.6321962382687478,Max > 1501.5
1045777643599004391385926847837630459689287939264,2,1,1,0.00267975404156031,0.5220410736350987,Header_Length > 12.4
635354149074139914033287563243257259408313222875,2,1,1,0.002938519161776445,0.5539778270789958,Max <= 5051.5
1422306862440093384681277638044350865412974807270,2,1,1,0.0031972842819925794,0.5946785245957457,Tot sum <= 9140.0
797610753350974897814736785778043014385684562947,5,2,3,0.011973369121865215,0.5219869652774716,Time_To_Live > 61.95
596061063106738351138860738677110511205079585077,2,1,1,0.006824381814513654,0.5471832451539353,Time_To_Live > 69.85
1376634548742164969356006375947159510816243110280,3,1,2,0.010942694490495864,0.5739493194372141,TCP <= 0.35
422065796223582463013367896756194658963435873121,2,1,1,0.004061296632544758,0.0026839780972977064,UDP <= 0.75
202878882476447525732333096665579083464379500285,2,1,1,0.0027236125365121973,0.00201298357297328,IGMP <= 0.0
799196049277313133980009762549410737429987400111,2,1,1,0.0013771567414892591,0.0013419890486488532,Max <= 189.5
493070114341962535091645238940707157157035096044,2,1,1,2.1929247475943617e-05,0.0006709945243244266,Rate > 397.62
286685310546126887007670494299097221294244185637,2,1,1,0.0015876775172583178,0.6575032150324308,Std > 0.63
1257968538875361669878432494109017667506314514486,2,1,1,0.0018464426374744526,0.7153077512425375,Variance <= 157684.25
106677032266674133856302899606386379125545998459,2,1,1,0.005434067524538828,0.5043859746642517,psh_flag_number <= 0.33
267766837448580909343568355559586073746133809003,2,1,1,0.005692832644754963,0.5265447287343116,Header_Length > 21.8
1325247533922567384199826234154149144455423597831,2,1,1,0.005951597764971097,0.5528623328506505,Max <= 1499.0
157129820854489943240615883809057190212337482094,2,1,1,0.006210362885187232,0.5848967203694169,Header_Length <= 33.8
285848756680663301328249263588796850659393704237,4,2,2,0.027705411261107166,0.6254519301971893,syn_flag_number <= 0.0
223189813334151023042436244472510009493740278033,2,1,1,0.005745462838697228,0.6504164693580682,Tot size <= 295.8
424950702532613617959377208745492680643099068772,2,1,1,0.006004227958913362,0.7020034367734848,ack_flag_number > 0.67
938189542570215176261121276807716263056094446364,2,1,1,0.006262993079129497,0.7702377037979774,Max <= 1507.0
583903694319149047033643317629698834907786427405,2,1,1,0.006521758199345632,0.8672236058138751,Std <= 587.83
765646696511445317973357682684857858999533673724,2,1,1,0.02759576502372745,0.60830515263103,fin_flag_number <= 0.1
306301110546769032185094571534824386624637298002,4,2,2,0.012653175793619466,0.7229438070018241,ack_flag_number > 0.81
712096193970046199609239327328025936024851381184,2,1,1,0.0027236125365121973,0.0020670322478206302,Tot size <= 63.55
1305548457797075109785190514645234014228223041301,2,1,1,0.0013815425909844477,0.001378021498547087,ack_count > 22.0
639025992518995640837875136019703437249644650736,2,1,1,3.070094646632106e-05,0.0006890107492735435,ICMP <= 0.0
97352969154438240085198864070416002873253676928,2,1,1,0.0013201406980518056,0.0027501108254645865,Max > 64.0
503370148974855972752773457293497706085178597391,3,2,1,8.771698990377447e-06,0.00342527984093576,Number > 13.0
852550629365964024920766762540278066576525600948,2,1,1,8.771698990377447e-06,0.5283776530948597,Tot size <= 198.05
1091772061019709319601978724012727821998230414986,2,1,1,0.0016139926142294501,0.5626577827459404,Tot size <= 289.8
667636065960217070606624729671006003304038343669,2,1,1,0.0,0.7949337012743001,Time_To_Live <= 193.0
1306196843901709884584010498063340687302478744424,6,0,6,0.0,2.969039558693929,Tot sum > 5999.0
1342657469448605099144946880924325899461158473766,2,1,1,0.0015920633667535066,0.6121104010623483,Min > 64.0
743400083604207944956401889141438126223736557272,2,1,1,0.003201670131487768,0.6502186943011208,Rate > 109.13
1275124814045766080220536199544136293601400070153,2,1,1,0.004802505197231652,0.6992244750746498,psh_flag_number <= 0.55
538191563477924688606736272023174950367364502356,2,1,1,0.02374498916695175,0.8707831899976735,Time_To_Live <= 220.45
1154519493277843990052013356129047846396442255412,2,1,1,0.00810943571660395,0.6805746199870583,SSH <= 0.15
1393034587460734275108259379502894745998649883453,2,1,1,0.008368200836820085,0.7330466431747963,Time_To_Live > 62.65
14677893904445507785574192933477396509830395368,4,2,2,0.017188144171644607,0.5878365795826163,Header_Length <= 32.4
533300537982710134758957631630164172637141352729,2,1,1,0.002710454988026631,0.0021764478578774624,Variance > 580973.53
555642575953710064919159085884314165050572529859,2,1,1,0.0013683850424988818,0.001450965238584975,Number <= 11.0
1261648531580620706137645758813299989332518146751,2,1,1,1.7543397980754893e-05,0.0007254826192924875,Header_Length > 26.2
905408325027538164089697993925715892446347564046,2,1,1,0.013061059796672018,0.6445681039922407,Rate <= 15745.77
598312813686706157215425232647728526516685883132,2,1,1,0.013319824916888153,0.7025895854158879,HTTPS > 0.2
649426050610508850936826706344673526547318907744,2,1,1,0.004447251388121365,0.6689739103209253,Time_To_Live <= 216.1
901820364115932856845557992498318406983176010040,2,1,1,0.001885915282931151,0.5515186505879841,Max > 2931.5
740043199848874537428689106371244464475456534152,2,1,1,0.0024604615668008738,0.7565387344580973,Std > 755.98
560272444880348369899404688872655100551086879065,3,2,1,0.00453496837802514,0.8194297686446185,UDP <= 0.55
860440226307720286688657566047220952632368634317,2,1,1,8.771698990377447e-06,0.0007461353649658653,UDP <= 0.15
1240109455169276991964195549603100205343920124650,10,5,5,0.024758120400340342,0.6099602810861228,rst_flag_number <= 0.05
353678676405108312753446367337787706651403358644,2,1,1,0.009732200029823777,0.5532897939322732,Tot sum > 7960.5
257711990708449088883374418234561981791379092145,2,1,1,0.005995456259922985,0.7457887470155317,Max > 2874.0
119344160183475244949093914849963595993797471657,4,2,2,0.006640176135715727,0.8160260936470725,HTTPS > 0.25
743075882901197344619292071143398815035102873878,2,1,1,0.00267975404156031,0.5344813747605061,Time_To_Live > 62.45
894271682574492716380138675952294725999112443407,2,1,1,0.002938519161776445,0.5686098050695467,Rate <= 1765.69
248033278716617619972145658768251396818632364186,2,1,1,0.0031972842819925794,0.6152917947449305,Std > 755.85
325551195483518595353909212855727284622040285051,2,1,1,0.00649105725287931,0.006079413988368567,Tot sum <= 35794.0
368895190526474322630463350262516775731513218980,4,2,2,0.0054296816750436395,0.005677307959575371,AVG > 206.35
485286984889666322070978850247914612689823260711,2,1,1,8.771698990377447e-06,0.0007601968088285908,AVG > 781.85
1081120431056829239705557225884792952917305544014,2,1,1,0.00267975404156031,0.5340006043210244,AVG <= 3404.2
408188955411007800742274299601350483998307949934,2,1,1,0.002938519161776445,0.5630756763466584,Rate > 329.77
1327591587969702676170349114218927800435590920039,2,1,1,0.0031972842819925794,0.6000084726257746,Tot sum > 9140.0
404792258416932853105473822002114249667118477531,2,1,1,0.0,0.5519170702795362,Std > 426.91
1422903831267254838319679233631999844356305844515,3,1,2,0.0035437663921124886,1.7556347750918524,Max <= 655.5
519246868803490290752420769250736118639714922742,2,1,1,0.0005306877889178355,0.0029572974123794307,Tot size > 58.0
881628252635621084750814762093090114513283890033,4,1,3,0.0017499539485803005,2.6626501830112566,psh_flag_number <= 0.1
1320569302170672074896921704835796692620326038749,2,1,1,0.003061322947641729,0.6528371457410262,Tot sum > 10816.0
1289684885355651410163396270336711081686957920053,2,1,1,0.0033200880678578635,0.7009951723030627,Time_To_Live <= 219.5
275409520758972370643478582459551709901991264221,2,1,1,0.0019429313263686044,0.532349852424599,Rate <= 14492.19
671328880370758937403800270241477012788812950970,2,1,1,0.011911967228932572,0.604779369156624,ece_flag_number <= 0.05
112036831443961378545640353474359831949825462812,2,1,1,0.012170732349148707,0.655026421538114,Tot sum <= 34688.0
422705652263043289873859759118275221583044103512,2,1,1,0.0220520512618089,0.617163557261814,Header_Length > 24.66
279278748635462491609709169030615220444371953148,2,1,1,0.0,0.7662414775174361,ack_flag_number > 0.95
837148820430552964350024515657176049236210822581,2,1,1,0.0,0.6713885200474107,AVG > 216.4
985521245487824745037099104251507828209310611423,2,1,1,0.009091866003526223,0.5563148945541649,Rate <= 10256.96
421810167286508725908152788207505037850485167188,2,1,1,0.007341912054945923,0.6178725653848256,Tot sum <= 15205.0
1434014076214317828935633160096098169519529924231,2,1,1,0.007600677175162058,0.6549604581572507,Time_To_Live <= 158.55
805220564124955600797736809356531748257259736745,2,1,1,0.007859442295378192,0.7022379191795594,psh_flag_number <= 0.22
1272649707028492453534506069803621213969054135506,2,1,1,0.011697060603668324,0.6121033900618836,Time_To_Live > 63.43
369881654893140381416228384718218743524158348019,2,1,1,0.011955825723884459,0.6418927748523612,Max > 1512.0
350163972690850470090105637270036798825466227248,2,1,1,0.012214590844100594,0.6780133283870459,Tot size > 63.55
265164409785125000337025115981884796686465554463,7,3,4,0.004407778742664667,1.701798658842992,Tot sum > 5965.5
108816870880086561133628790988784737831150212659,2,1,1,0.00012280378586528425,0.002445372971752085,Std > 124.64
138261212437244355443558943885623470980555004436,2,1,1,7.894529091339702e-05,0.0016302486478347235,Header_Length <= 7.18
814746951838240332608886231201515917226116142391,2,1,1,2.6315096971132338e-05,0.0008151243239173618,AVG > 74.74
989488082182082875042633887578890713818719295651,3,1,2,0.00020174907677868127,0.0038299857721098246,Std <= 626.26
1458069876979971502522853390778048609769483190189,2,1,1,3.5086795961509786e-05,0.000939040797957629,Std <= 585.28
612649706603416837611305011066426657549645347859,2,1,1,0.0009955878354078402,0.0009443138394061512,AVG > 515.7
1398596639925280509074546129649157066313129858562,2,1,1,6.140189293264212e-05,0.0019519041761945665,Std > 585.28
80548824216953943797182989301716843687711845884,2,1,1,4.385849495188723e-06,0.0009759520880972832,Number > 18.0
861787560656561436082810504550992117758191350423,2,1,1,0.0,0.5830857470225642,Tot size <= 138.05
1424688532515866046171614830311112795329768338746,3,1,2,0.00035525380911028656,0.006241962814687936,Protocol Type > 11.5
1192984920266809387410797841281899793702001594780,2,1,1,0.00014911888283641658,0.0030886840284717713,Min > 77.0
960712946849304431979344770075945334255366423260,2,1,1,8.333114040858574e-05,0.0020591226856478476,Tot sum > 1337.0
150513471142592898771949335311264544562595106682,2,1,1,8.771698990377447e-06,0.0010295613428239238,Rate > 1388.34
1441998074012024563725737147226929701163051738616,8,4,4,0.016938150750418848,0.8708287111668815,Number > 55.0
1102463209797783125282733392579005370720404020145,2,1,1,4.3858494951887234e-05,0.0010317584434274745,fin_count > 0.5
232471171496965278670239735263264724812388216587,2,1,1,0.0025744936536757804,0.7499151678068225,Tot size <= 92.6
341229906854321590164057706723530186765515835426,2,1,1,0.0,0.6158567748176801,Min <= 786.0
612539620358672076897566158135546820227928190589,2,1,1,0.0014473303334122786,0.768180262945309,Min > 57.5
1106208575857103525639177361189982018872780416326,2,1,1,0.0017060954536284134,0.8257761023803993,Tot sum > 639.0
880098917183594222002260548128829020659899940427,2,1,1,0.0,0.5734353803293059,IAT <= 0.04
281377077607284898538664687494022656661413605293,2,1,1,0.0,0.0010383497452381271,Variance <= 92557.64
960204804290866912202461537498692335600870319897,2,1,1,0.002727998386007386,0.0031176857564386424,Tot sum > 35794.0
844911967272613826591924016364646972616501644298,2,1,1,0.0013771567414892591,0.0020784571709590947,Max <= 8369.0
1191548126855183117026812200425042075474859640510,2,1,1,1.7543397980754893e-05,0.0010392285854795473,ack_flag_number <= 1.0
975524105111316058055353624768463829073713361696,2,1,1,8.333114040858574e-05,0.002102185857477444,Min <= 77.0
1283991082173772016518065909568524892283508500682,2,1,1,1.3157548485566169e-05,0.001051092928738722,HTTPS <= 0.0
973560185652923633558202018993356923804493848003,2,1,1,8.771698990377447e-06,0.0021786449584810133,ack_flag_number > 0.59
515726689223306649845658265472094983740505059862,2,1,1,8.771698990377447e-06,0.0010893224792405066,AVG <= 593.51
666179399781949004947332462038171845488893058518,3,1,2,0.005403366578072507,0.010464350754591942,AVG <= 515.7
1201839425245329478570475159940823220330920583566,2,1,1,0.0013596133435085042,0.0022137985681378266,UDP > 0.97
741153011582869714873084406512034323273068316360,2,1,1,8.771698990377447e-06,0.0011068992840689133,Rate > 3145.84
1283157300508050323013809171883556607780373106600,3,1,2,0.0038946343517275864,1.057117881293133,Time_To_Live > 61.78
67205272051125165186951376074651752795823479906,2,1,1,0.0002105207757690587,0.00449614667510644,Std > 4.43
977723732207961979164288775723787702930984386820,2,1,1,0.00015789058182679404,0.0033721100063298297,Variance > 19.97
710636389650206056198304914971118465150447953773,2,1,1,9.648868889415192e-05,0.00224807333755322,Max > 195.5
1143980720523680101460713612878190184461508651473,2,1,1,2.6315096971132338e-05,0.00112403666877661,Number > 62.0
818077061849896056661990455555440447663154144039,4,2,2,0.006403340262975536,0.6458155708834677,Protocol Type <= 11.5
1287212664407640669162129149148787634517421767935,1,0,1,0.0,0.0023772628530420088,psh_flag_number > 0.1
1216656226668550951453257253303810218334859091054,2,1,1,4.385849495188723e-06,0.0011886314265210044,ack_count > 12.5
1178346501042903603685888066771216345446795210129,2,1,1,0.0057893213336491145,0.5959984373291903,UDP > 0.75
1049308223139374455056156438453340037531020795440,2,1,1,0.0060480864538652495,0.6172368354036404,Tot sum > 609.5
783867881833598900577405146546009793642425438522,2,1,1,0.0063068515740813845,0.6454173896846154,Max <= 1274.0
1443938865280111957689155697521086135929227929716,2,1,1,0.0019867898213204917,0.0023895666164218936,Tot sum > 1377.0
297935284819783291026583786906335024192044226889,2,1,1,0.0006359481768023649,0.0011947833082109468,psh_flag_number <= 0.06
662564091846865226614315628924945971397979328296,2,1,1,0.009394489618694246,0.6909950783710769,Rate <= 3182.08
695308908941315970274590391232864677644860852080,2,1,1,0.009653254738910379,0.7171452482051138,Header_Length > 28.2
576098142795445991198676559136888773589592364687,3,2,1,0.012832995622922205,0.7514972793014296,Number <= 12.0
900447062492459457955238210065352270538849298598,2,1,1,0.0,0.5823664141350905,Variance <= 534782.66
1209939404480133779835797991547514822344758955278,2,1,1,0.001315754848556617,0.7173672181251878,Header_Length <= 28.2
464462760819080325052423935384869207843731932912,2,1,1,0.0,0.0012725606695766466,Rate <= 214.21
1300558834465352034371393236901202719107082230798,2,1,1,0.0,0.0012905768945257637,TCP <= 0.3
1419168125538624078599657756977532058827999042450,3,2,1,0.0,0.003273240479170042,ARP > 0.0
1341094497353571418319768081553120496649707545523,3,1,2,0.0018025841425225652,2.0059118795658324,Header_Length <= 21.18
1138053261661479461510748557912526932048895916681,2,1,1,4.3858494951887234e-05,0.006633046722119986,Max > 655.5
365011058872607914143006638605133985106246786905,2,1,1,5.2630193942264676e-05,0.005306437377695989,UDP <= 0.59
390617425911578969969008717168999866776748399131,2,1,1,5.2630193942264676e-05,0.003979828033271992,Max > 1505.0
1077132718344370919309779171468850985364783821703,2,1,1,4.3858494951887234e-05,0.0026532186888479944,ack_flag_number <= 0.63
729934659361728954644399723536945985335308612549,2,1,1,2.6315096971132338e-05,0.0013266093444239972,Time_To_Live <= 87.6
1181363647866021518916616016321270404391676421869,3,1,2,0.0117847775935721,1.012980359591503,Number > 27.5
1284953019999077639689787687065846909638350406130,2,1,1,0.0,0.597040783598744,Tot size <= 1541.55
1443408784530807454011493104434508352261197687017,2,1,1,0.0,0.6800815201513112,psh_flag_number <= 0.26
1318493838278240466377205066012770314744188920263,2,0,2,0.0,2.1003897827427176,Rate > 1355.55
1148374734560588385688644899927068439511312820095,2,1,1,3.070094646632106e-05,0.009670758016589377,ack_count > 3.5
750715658610681918071823783281475990499573374711,2,1,1,5.2630193942264676e-05,0.00828922115707661,Header_Length <= 24.74
1062534171911505039908694785573498526808904210827,2,1,1,6.578774242783085e-05,0.0069076842975638415,Tot sum > 5878.0
36624958289464548099323262086305134770053121598,2,1,1,7.017359192301957e-05,0.005526147438051073,Time_To_Live <= 78.17
86878835192610735389778643883234450463265321706,2,1,1,6.578774242783085e-05,0.004144610578538305,Tot size <= 985.99
1342518191469937762923262513380857591886183571049,2,1,1,5.2630193942264676e-05,0.0027630737190255366,Std <= 667.95
166894311956269608002512327041411332076577752833,2,1,1,3.070094646632106e-05,0.0013815368595127683,Variance <= 372531.17
506523410093399856950676228462350948269604701352,2,1,1,3.947264545669851e-05,0.6044658652680511,Rate <= 240.87
640622367002324962573331379986077387627350883759,2,1,1,0.0,0.809624179993189,Header_Length > 9.8
1107962566984981584164276445501195726979424753061,2,1,1,0.004013052288097682,0.6199528050837704,UDP <= 0.85
1241045048677361136577950123348728108935815268443,2,1,1,0.004271817408313817,0.6306829834955627,Tot size <= 266.5
879266922460690374232116611985104141275645924147,2,1,1,0.004530582528529951,0.6442007248127571,AVG > 64.35
556092270317629925150923924076204117359349390275,2,1,1,0.004789347648746086,0.6617985847899225,AVG <= 458.2
548457630762247645813412579056652155648214399551,2,1,1,0.0,0.001404386705789697,HTTPS <= 0.55
444791086211730916272239923741044123035707850091,2,1,1,0.0030525512486513514,0.5277346942085922,Time_To_Live <= 221.25
536612352203444219941520255017816880726320196521,2,1,1,0.004692858959851934,0.750967076182832,Rate <= 3729.12
1109891862553880570870087005248412160592323073197,2,1,1,0.0049516240800680685,0.7764880974664118,fin_flag_number <= 0.15
750231297996923997242439424236313561011736078496,2,1,1,0.0013420699455277494,0.8590671258450628,Max > 1511.0
787587498094420844059893172129906091894471566758,2,1,1,0.001600835065743884,0.9224088770817908,Tot sum > 3520.0
851172426444758081805882780132578406878799820184,2,1,1,0.0013420699455277494,0.8649935851869518,AVG > 499.45
480444894448734478336407594292655332020214443346,2,1,1,0.001600835065743884,0.9260451651511913,Time_To_Live > 62.25
1011208414435707529345775831254676804108612927017,2,1,1,0.00267975404156031,0.7262723020399879,AVG <= 2074.3
1422048007536021465387005774963801659724276283989,2,1,1,0.002938519161776445,0.7422521312923791,Number <= 18.0
280541201996830105921788891544189229414914893639,2,1,1,0.0031972842819925794,0.7611696331797986,Variance > 396943.52
722324590764736192333694774638005755189324671827,2,1,1,0.0027016832890362536,0.004686415587373942,Tot sum > 35426.0
125996128077238319553760239803857056277001115420,2,1,1,0.0013596133435085042,0.0031242770582492947,Std <= 1985.01
355249126926666873204661139437831492057184788591,2,1,1,8.771698990377447e-06,0.0015621385291246473,Std <= 1032.24
54740740771356227275522432144612129784905455487,2,1,1,0.0013420699455277494,0.8730788345416677,ack_flag_number > 0.39
890119504645636842306548231927299309037545655088,2,1,1,0.001600835065743884,0.9312017078434784,Variance <= 574705.44
208684570419164485895332832501367733238966769160,3,1,2,0.010653228423813409,0.861126585922599,Header_Length <= 11.88
833309946493601400073896666621678595832587445315,2,1,1,0.0055086269659570366,0.7226250232909447,UDP > 0.58
253073028212269479547431695579629254221260745352,4,2,2,0.011881266282466251,0.7412404169039583,UDP <= 1.0
842479784107547652941848003352668766054772120007,2,1,1,0.012047928563283423,0.7459044461237643,Std <= 222.26
1327206516476610967058765188076591807606724495915,2,1,1,0.012306693683499558,0.7674890481953773,DNS <= 0.09
525033459985603071059454004586368716056114286579,5,3,2,0.01260493144917239,0.9274983685475273,Min > 57.0
283764534524763299334854818536642510251537977387,2,1,1,0.0,0.0016153083637305775,Std <= 12.13
460799070582671976303251392029561228530909168980,2,1,1,0.0002105207757690587,0.7938243707392659,Std <= 755.98
288962697968753331165993254338939671802058239314,2,1,1,0.002820101225406349,0.005416731827994241,Tot sum <= 14232.0
794821667500053655150969924307629105748926585447,2,1,1,0.0014385586344219012,0.0036111545519961607,Std <= 605.79
1115682839386467005613863071740969176767863781991,2,1,1,4.824434444707596e-05,0.0018055772759980803,Std <= 250.07
169785108169009958364060615379062928148012989424,3,1,2,0.004056910783049569,0.8583441877318284,UDP <= 0.58
1172358098904527448374252329916237069637277488586,2,1,1,0.0016052209152390728,0.8890813445473,Std <= 90.03
1324371470327791779098880434634111243200462776602,5,2,3,0.01051726708946256,1.1659137158955384,ack_count <= 0.5
1404068155286408143823987806082408094255316813901,3,1,2,0.013389998508811172,0.8733859357169576,HTTPS <= 0.11
1109307915479772492230693105897794416028184701012,3,1,2,0.00036841135759585274,0.035476891039619915,IPv > 0.81
936475851095496409784000222401091129542592958474,2,1,1,0.0002631509697113234,0.009894129911283713,Max > 803.5
904090736423641079283040975160202066293997915027,2,1,1,0.00023683587274019106,0.007340806063210498,Variance > 322767.88
266740630840317329171528273647945793974448548576,2,1,1,0.035301702586774036,1.3357700062748499,Variance <= 396943.52
297711530331782528804436213478149167029893383186,2,1,1,0.035560467706990166,1.4096748602339295,HTTPS <= 0.2
494358679614839600690720791797676443032204335761,2,1,1,0.0358192328272063,1.5042058211381375,Header_Length <= 22.1
1245406723190135219943199717374607889961516359156,11,5,6,0.004359534398217591,0.07592688267703375,Number > 11.0
178770328222626990939801532630396996345334714737,3,1,2,0.0,1.0132645059920289,Rate > 869.07
1216489113853753915604628974778656984209918368728,3,1,2,0.0052103892002842035,0.8214683311727693,Std <= 4.43
1312315897727878441378115642902215916781317521321,2,1,1,0.0013596133435085042,0.004260617490405789,Std > 90.03
1036018034959656270570200180854457735414304275681,2,1,1,1.3157548485566169e-05,0.0021303087452028946,Number > 21.5
1220766635983168857953194327455980387076212473266,2,1,1,0.0,0.002202813065120072,syn_flag_number > 0.0
1305131285784390864871095629393467166513977487406,2,1,1,4.385849495188723e-06,0.013300587923715721,AVG > 599.41
22296661685532604903372749796856100047246562640,2,1,1,4.385849495188723e-06,0.0023157440361425857,Tot sum > 15003.0
1264051081729598176640443974598654340820920494284,2,1,1,1.7543397980754893e-05,0.0023249718586774992,Tot sum > 14232.0
1134478022427460238394908820842039118972553949667,2,1,1,0.0013552274940133156,0.004676308924597608,Header_Length <= 7.98
704445618733285572103051451627920443491295653839,2,1,1,4.385849495188723e-06,0.002338154462298804,Tot sum > 8559.0
69835040025580699091582929884945651255745658196,2,1,1,0.0013596133435085042,0.004762435268256801,UDP <= 0.97
1231497703296121074389186347585707657251325382494,2,1,1,8.771698990377447e-06,0.0023812176341284005,Variance <= 1.03
870159635553521972749932994033067496367964670111,2,1,1,0.004793733498241274,0.8108200242348065,Time_To_Live > 63.45
1389102515941023894885110939789391197150731644612,2,1,1,0.0013596133435085042,0.8807682649949563,TCP > 0.35
1264576668640158638805959450082356730802328390639,2,1,1,0.001618378463724639,0.8757687924516047,Time_To_Live > 49.1
240432388360939171694781277912371607478304293723,6,3,3,0.0027630851819688954,0.017565379905268255,Number > 11.5
737627493677955186747450508205653664810130445388,2,1,1,1.3157548485566169e-05,0.0026611282510207775,Variance > 0.02
112463115052154748847798171851360218469121395129,3,1,2,0.0,1.0197675457352624,AVG <= 351.81
875227399290715743426157651645940707655825087528,2,1,1,0.0,0.00269320591983262,Tot sum > 4822.0
1300458713484834160074531523305281587195861463124,3,1,2,0.03712183012727736,1.3501252020607295,IPv > 0.91
1336780167325142884822165751392515518789351968738,2,1,1,0.0,0.0027863629854231755,Number > 12.0
1114833483885943008202034496725391059621261810548,3,1,2,0.0055700288588896784,1.0572169905015127,Min > 56.5
738953110610944697101327621849696099931041673481,2,1,1,0.003105181442593616,1.0259474131304993,AVG > 63.44
1083310673319171210273031182674634355098045505686,2,1,1,0.0013420699455277494,0.9095766453434887,Max > 366.5
351719838132079246673137711173414664727990693919,2,1,1,0.001600835065743884,0.8924904076109034,IPv <= 1.0
837350019345797083069017098769523350833973862102,5,1,4,0.020152978430392182,1.3618500665740227,ack_count <= 1.5
1125215929017646742599533041742513381208535861229,3,1,2,6.578774242783085e-05,0.01308834800541271,AVG <= 666.06
672089498321413807234755498364571982777300352386,2,1,1,8.771698990377447e-06,0.0030996695314895253,Tot sum > 6001.0
398067670434286439144393088615206949933423905258,2,1,1,0.0013508416445181268,0.006502538946269067,Tot sum > 26071.0
1425606424558845704740871636399088910678962814226,2,1,1,4.385849495188723e-06,0.0032512694731345335,HTTP <= 0.82
382345008508603652571712327509459978290105352764,2,1,1,0.005341964685139865,1.1223481042724308,Tot sum <= 26071.0
1352074734128349562991805735276868127964782893615,2,1,1,0.005600729805355999,1.1124711894675199,Max <= 348.5
979397025342863323356478228877266284941962490764,2,1,1,0.005859494925572134,1.1001435375340525,Time_To_Live <= 82.45
4733137617653653137346715796607230065035179847,2,1,1,0.006118260045788269,1.0841896699646163,Variance <= 226.36
38673335061015056733573013660808876998242654472,2,1,1,0.0063770251660044035,1.0623133183507578,Tot size > 59.4
1097156266083003217765660851225381067026127401895,2,1,1,0.0040525249335543806,0.01344098265228262,Tot size <= 60.3
508378631910284752768636948485529392594149440251,2,1,1,0.0027148408375218197,0.010080736989211964,ARP <= 0.5
566849091796878587518410566640157536089374762223,2,1,1,0.0013683850424988818,0.00672049132614131,Time_To_Live > 62.85
271839452148162645987794639296699827389962211028,2,1,1,1.3157548485566169e-05,0.003360245663070655,Rate > 57.68
626798074334538041087755234039547347804107580426,2,1,1,0.004219187214371552,1.1380494361054416,Rate > 2316.01
756957845169559430742632189045135816707713446262,2,1,1,0.004477952334587687,1.1138696467542804,Time_To_Live > 57.54
538235646755901345835904878641492979084045547010,2,1,1,0.004736717454803821,1.080595191527889,AVG <= 74.75
935368900367045303396006419119921256298114482995,2,1,1,0.005201617501293825,0.0635303723570045,Time_To_Live > 62.6
300055835468973060813722108799277211115350246183,5,2,3,0.009105023552011789,1.5369917065697973,ARP <= 0.1
304606219433483058770762637031152124132977238040,2,1,1,0.00018420567879792637,0.9833245873621882,Variance > 16.85
137751422963072178856572769601519995868130997864,2,1,1,0.004013052288097682,0.7677756896253823,AVG > 351.81
1040394420510017096978360746695810674736693702812,2,1,1,0.004271817408313817,0.7302162742132403,AVG <= 1500.4
300234240866567870082078429145520800165132986697,2,1,1,0.004530582528529951,0.6877472260135129,Header_Length <= 14.32
1373053892578028125128591584518814844029720207924,2,1,1,0.004789347648746086,0.6389903714368483,Tot sum > 21652.5
905819544296855301716224989833827187799626155007,2,1,1,0.0,0.924216254760839,Time_To_Live <= 147.4
847468502583258508188253642404047919662167770598,2,1,1,0.0,1.0172866531784468,Header_Length > 11.88
178139137722496541699672926315921293167370554290,2,0,2,0.0,1.8696736154723341,TCP <= 0.1
1423415856153973161933223645538645235042800027787,4,2,2,0.003201670131487768,1.0858986803260773,Time_To_Live > 61.2
1040372781549012606548812053849029482609610337871,2,1,1,0.004504267431558818,0.8698286066821381,Time_To_Live <= 72.19
1439385643897364330281901333148065384887505356139,2,1,1,0.005605115654851188,1.6253753923801617,Tot size <= 956.8
605895374886568556987868220590857892600523236732,2,1,1,0.0,1.218885757962403,Time_To_Live > 59.27
674875779900185601645763417904528668138102711132,2,1,1,0.0,0.06722219711949437,AVG <= 63.4
387940528080874977707499700504446456900649032785,5,3,2,0.0055086269659570366,0.07174555122374145,ack_flag_number <= 0.06
1196499593581690841409680359289011637174721238561,2,1,1,0.0013727708919940703,0.06963738925262233,AVG <= 63.44
1349307035499388204217202247120362139938524449735,2,1,1,6.140189293264212e-05,0.06809952136149824,Header_Length <= 20.9
146383932459656317567181771630520457828204116692,2,1,1,0.0,0.005851757747497308,Variance <= 0.02
624235337273177539161176326505068371443306109387,6,2,4,0.001127163320263502,1.7492998937157653,ack_flag_number <= 0.1
402906162017670122506265404551317967736573309216,2,1,1,0.0015876775172583178,1.2894054677645523,Tot size <= 721.5
327053324170183204674031350746307237115263611826,2,0,2,0.0,0.028968991167878183,Tot size <= 62.99
908330053850651092074876839164236996542219951709,4,2,2,0.0013903142899748253,0.01786638268795472,Number > 12.5
232461901136382909872665715972494107355194419282,2,1,1,0.0,0.0066783069945531345,LLC > 0.94
490288992419340851103471347159887135086874719483,2,1,1,4.385849495188723e-06,0.0066791858347945545,Number > 16.0
13143449079645779264213200188640174150642751292,2,1,1,0.0006841925212494409,1.4647247261965977,Variance <= 11647.6
997539355458254244571212073762646371745047622010,2,1,1,0.0022937992859837024,1.2879077090996875,Rate <= 181063.55
1205794517085955892190441569471599920599031313020,2,1,1,0.00010526038788452935,0.025911505967976835,Std <= 124.64
991077255200765236987696860251901756883563763549,2,1,1,4.824434444707596e-05,0.016560865509324812,Max <= 803.5
539654624076749484069434299544952645435113656225,2,1,1,4.385849495188723e-06,0.008280432754662406,Telnet <= 0.0
609582868919628906943679261492406568140299245150,2,1,1,0.0014210152364411463,0.039906670629161756,Rate > 1147.0
35369181419355985234419995978796054021066819216,2,1,1,7.017359192301957e-05,0.03006490494892934,Tot sum > 5965.0
1039268936451367663632860312739660554909116889619,2,1,1,0.0017718831960562443,1.9205310896422891,ack_count <= 3.5
960372219117936199562012985646945759096300274550,2,1,1,5.2630193942264676e-05,0.10645912243296057,Rate > 669.21
151086482158745331853352841239232195217218750964,2,1,1,5.2630193942264676e-05,0.09307165696642693,Tot size <= 970.98
915934335915084089623335188256102403558618268605,2,1,1,0.0,0.00939304450030055,LLC > 0.86
381769665212252081230293747969820041211648327914,2,1,1,0.0,0.00962505832403552,Rate > 91.99
372642444799816041694164114553795421613254901355,2,1,1,0.0,0.009679985839124293,AVG <= 599.41
303296443544764722051227217830864928274730168707,1,0,1,0.0,2.2618038474028612,Rate > 1319.67
1004306843730028786066540523215282685019378287335,2,1,1,7.455944141820829e-05,2.8306591130061354,ack_flag_number <= 0.59
732492459352802983988368572173578474720121195817,2,1,1,0.00019736322728349255,1.3335976096678792,Tot size <= 958.05
787048127316270964323692211227440410420141584501,2,1,1,0.0003157811636535881,0.1094047818383176,Variance <= 398961.84
671949503053795505998684551190780352504710539557,2,1,1,0.00034209626062472044,0.09547341539872176,Time_To_Live <= 95.87
622649677702198916039220330632367821676274328979,2,1,1,0.0003596396586054753,0.07999360394669942,DNS <= 0.17
368136863819188400110657394857539294709760590896,2,1,1,0.00036841135759585274,0.06156795871625629,Min > 48.0
728908325170040173788032888167898809472915493865,1,0,1,0.0,1.964334571739464,Header_Length <= 20.38
1442802046963895858168922464185347323032452229067,1,0,1,0.0,2.6048136895897063,Time_To_Live <= 69.8
667429767284158547254199917470297407896432065842,2,1,1,0.0,0.011879283543278683,IRC <= 0.0
