classe,predicado,alcance,betweenness,posicao_alcance,posicao_betweenness
Class Benign,Number <= 10.5,0.9056936636730848,0.0167714884696016,1,3
Class Benign,HTTP <= 0.05,0.866134342050478,0.0747436470970062,2,1
Class Benign,psh_flag_number <= 0.35,0.8083330518753428,0.0092015122409059,3,8
Class Benign,ack_flag_number > 0.35,0.7891925116824512,0.0140084032876327,4,5
Class Benign,Header_Length > 11.0,0.7769178834752144,0.0229599221073129,5,2
Class Benign,fin_flag_number <= 0.15,0.7764880974664118,0.004951624080068,6,9
Class Benign,psh_flag_number <= 0.37,0.7760742901188189,0.0031446540880503,7,16
Class Benign,AVG <= 202.2,0.7751111179214943,0.0048288202942027,8,10
Class Benign,Rate <= 3729.12,0.750967076182832,0.0046928589598519,9,11
Class Benign,Tot sum > 2199.5,0.7418921931823212,2.1929247475943617e-05,10,39
Class Benign,Tot sum > 3655.0,0.7110127202126313,0.0015394331728112,11,29
Class Benign,AVG > 92.05,0.7093749770259259,0.003232371077954,12,15
Class Benign,HTTPS > 0.55,0.6691795579830049,0.0092453707358578,13,7
Class Benign,Variance > 2813.51,0.6589135588825388,0.001627150162715,14,27
Class Benign,Max > 1501.5,0.6321962382687478,0.0020043332193012,15,25
Class Benign,Tot size > 62.65,0.6316444117819665,0.0008333114040858,16,34
Class Benign,Max <= 1501.5,0.6292146521262437,0.0029385191617764,17,18
Class Benign,IAT <= 0.05,0.6186897057599187,1.3157548485566167e-05,18,42
Class Benign,Max <= 1502.5,0.6097987909989139,0.0162934308746261,19,4
Class Benign,Variance <= 831186.41,0.601439467212777,0.0017455680990851,20,26
Class Benign,Tot size <= 289.8,0.5626577827459404,0.0016139926142294,21,28
Class Benign,Tot size <= 198.05,0.5283776530948597,8.771698990377447e-06,22,44
Class Benign,Time_To_Live <= 221.25,0.5277346942085922,0.0030525512486513,23,17
Class Benign,Time_To_Live > 61.95,0.5219869652774716,0.0119733691218652,24,6
Class Benign,Time_To_Live > 63.35,0.4418909044568542,0.0044735664850924,25,12
Class Benign,Tot size <= 60.3,0.0134409826522826,0.0040525249335543,26,14
Class Benign,ARP <= 0.5,0.0100807369892119,0.0027148408375218,27,22
Class Benign,Time_To_Live > 62.85,0.0067204913261413,0.0013683850424988,28,31
Class Benign,Rate > 57.68,0.0033602456630706,1.3157548485566167e-05,29,42
Class Benign,psh_flag_number <= 0.2,0.0026820739434412,0.0042455023113426,30,13
Class Benign,Tot size > 350.75,0.0025490028835528,0.0025087059112479,31,24
Class Benign,Variance > 580973.53,0.0021764478578774,0.0027104549880266,32,23
Class Benign,Variance > 571308.56,0.0021375591771946,0.0029122040648053,33,19
Class Benign,Variance <= 571308.56,0.0020565594016103,0.0011754076647105,34,33
Class Benign,HTTPS > 0.4,0.0016544167544737,0.0027762427304544,35,20
Class Benign,rst_flag_number <= 0.1,0.0015814730144358,0.0027543134829785,36,21
Class Benign,Number <= 11.0,0.0014509652385849,0.0013683850424988,37,31
Class Benign,HTTPS <= 0.55,0.0014043867057896,0.0,38,48
Class Benign,Rate <= 214.21,0.0012725606695766,0.0,39,48
Class Benign,Std <= 573.92,0.0011029445029825,0.0014341727849267,40,30
Class Benign,Variance <= 92557.64,0.0010383497452381,0.0,41,48
Class Benign,AVG > 781.85,0.0007601968088285,8.771698990377447e-06,42,44
Class Benign,UDP <= 0.15,0.0007461353649658,8.771698990377447e-06,43,44
Class Benign,Header_Length > 26.2,0.0007254826192924,1.7543397980754893e-05,44,41
Class Benign,Max > 1502.5,0.0005998084647693,0.0,45,48
Class Benign,Std <= 346.63,0.0005677307959575,2.6315096971132334e-05,46,38
Class Benign,Max <= 301.5,0.0005514722514912,8.333114040858574e-05,47,36
Class Benign,ack_count <= 15.0,0.0005387290679906,0.0,48,48
Class Benign,Variance > 92557.64,0.0005286224052143,0.0001842056787979,49,35
Class Benign,Tot size > 62.95,0.0005057725589374,8.771698990377447e-06,50,44
Class Benign,Time_To_Live <= 202.1,0.0005040148784545,2.1929247475943617e-05,51,39
Class Benign,ack_count > 5.5,0.0004807256120569,6.578774242783085e-05,52,37
Class Benign,Class Benign,0.0,0.0,53,48
Class DoS/DDoS,Tot sum > 5999.0,2.969039558693929,0.0,1,348
Class DoS/DDoS,ack_flag_number <= 0.59,2.830659113006136,7.455944141820829e-05,2,296
Class DoS/DDoS,psh_flag_number <= 0.1,2.662650183011257,0.0017499539485803,3,229
Class DoS/DDoS,Time_To_Live <= 69.8,2.6048136895897063,0.0,4,348
Class DoS/DDoS,HTTPS <= 0.1,2.340117669661351,0.0370472706858591,5,19
Class DoS/DDoS,Rate > 1319.67,2.261803847402861,0.0,6,348
Class DoS/DDoS,Rate > 1355.55,2.1003897827427176,0.0,7,348
Class DoS/DDoS,Header_Length <= 21.18,2.0059118795658324,0.0018025841425225,8,227
Class DoS/DDoS,Header_Length <= 20.38,1.964334571739464,0.0,9,348
Class DoS/DDoS,ack_count <= 3.5,1.9205310896422887,0.0017718831960562,10,228
Class DoS/DDoS,TCP > 0.3,1.908015989394798,0.0349859214231204,11,24
Class DoS/DDoS,TCP <= 0.1,1.869673615472334,0.0,12,348
Class DoS/DDoS,Max <= 655.5,1.7556347750918524,0.0035437663921124,13,185
Class DoS/DDoS,ack_flag_number <= 0.1,1.749299893715765,0.0011271633202635,14,268
Class DoS/DDoS,Tot sum > 5965.5,1.701798658842992,0.0044077787426646,15,161
Class DoS/DDoS,Variance <= 16.85,1.6929015719412102,0.0105391963369385,16,75
Class DoS/DDoS,Rate > 47.19,1.630016705489312,0.0360779979474224,17,20
Class DoS/DDoS,Tot size <= 956.8,1.6253753923801617,0.0056051156548511,18,125
Class DoS/DDoS,ARP <= 0.1,1.5369917065697971,0.0091050235520117,19,85
Class DoS/DDoS,Header_Length <= 22.1,1.5042058211381375,0.0358192328272063,20,21
Class DoS/DDoS,Variance <= 11647.6,1.4647247261965977,0.0006841925212494,21,270
Class DoS/DDoS,HTTPS <= 0.2,1.4096748602339295,0.0355604677069901,22,22
Class DoS/DDoS,ack_count <= 1.5,1.3618500665740227,0.0201529784303921,23,39
Class DoS/DDoS,IPv > 0.91,1.3501252020607295,0.0371218301272773,24,18
Class DoS/DDoS,Variance <= 396943.52,1.33577000627485,0.035301702586774,25,23
Class DoS/DDoS,Tot size <= 958.05,1.3335976096678792,0.0001973632272834,26,286
Class DoS/DDoS,Tot size <= 721.5,1.2894054677645523,0.0015876775172583,27,241
Class DoS/DDoS,Rate <= 181063.55,1.2879077090996875,0.0022937992859837,28,218
Class DoS/DDoS,Time_To_Live > 59.27,1.218885757962403,0.0,29,348
Class DoS/DDoS,ack_count <= 0.5,1.1659137158955384,0.0105172670894625,30,77
Class DoS/DDoS,TCP > 0.1,1.1636845673533678,0.0,31,348
Class DoS/DDoS,Rate > 2316.01,1.1380494361054416,0.0042191872143715,32,167
Class DoS/DDoS,Tot sum <= 26071.0,1.1223481042724308,0.0053419646851398,33,136
Class DoS/DDoS,Time_To_Live > 57.54,1.1138696467542804,0.0044779523345876,34,158
Class DoS/DDoS,Max <= 348.5,1.11247118946752,0.0056007298053559,35,126
Class DoS/DDoS,Time_To_Live <= 82.45,1.1001435375340525,0.0058594949255721,36,120
Class DoS/DDoS,Time_To_Live > 61.2,1.0858986803260773,0.0032016701314877,37,191
Class DoS/DDoS,Variance <= 226.36,1.0841896699646163,0.0061182600457882,38,114
Class DoS/DDoS,AVG <= 74.75,1.080595191527889,0.0047367174548038,39,149
Class DoS/DDoS,Tot size > 59.4,1.0623133183507578,0.0063770251660044,40,110
Class DoS/DDoS,Min > 56.5,1.0572169905015127,0.0055700288588896,41,128
Class DoS/DDoS,Time_To_Live > 61.78,1.057117881293133,0.0038946343517275,42,176
Class DoS/DDoS,IAT > 0.0,1.0282295201150984,0.1763243072550722,43,2
Class DoS/DDoS,AVG > 63.44,1.0259474131304993,0.0031051814425936,44,197
Class DoS/DDoS,AVG <= 351.81,1.0197675457352624,0.0,45,348
Class DoS/DDoS,syn_count > 0.5,1.018218483229146,0.0294553652096874,46,27
Class DoS/DDoS,Header_Length > 11.88,1.0172866531784468,0.0,47,348
Class DoS/DDoS,Rate > 869.07,1.0132645059920289,0.0,48,348
Class DoS/DDoS,Number > 27.5,1.012980359591503,0.0117847775935721,49,67
Class DoS/DDoS,Variance > 16.85,0.9833245873621882,0.0001842056787979,50,287
Class DoS/DDoS,Header_Length > 20.38,0.9350011734826033,0.0,51,348
Class DoS/DDoS,Variance <= 574705.44,0.9312017078434784,0.0016008350657438,52,234
Class DoS/DDoS,Min > 57.0,0.9274983685475272,0.0126049314491723,53,58
Class DoS/DDoS,Time_To_Live > 62.25,0.9260451651511912,0.0016008350657438,54,234
Class DoS/DDoS,Time_To_Live <= 147.4,0.924216254760839,0.0,55,348
Class DoS/DDoS,Tot sum > 3520.0,0.9224088770817908,0.0016008350657438,56,234
Class DoS/DDoS,syn_count <= 0.5,0.9180319387312168,0.1209003271843723,57,3
Class DoS/DDoS,Max > 366.5,0.9095766453434888,0.0013420699455277,58,259
Class DoS/DDoS,ICMP <= 0.05,0.9085295671702056,0.0226572984921449,59,35
Class DoS/DDoS,IPv <= 1.0,0.8924904076109034,0.0016008350657438,60,234
Class DoS/DDoS,Std <= 90.03,0.8890813445473,0.001605220915239,61,233
Class DoS/DDoS,TCP > 0.35,0.8807682649949563,0.0013596133435085,62,253
Class DoS/DDoS,Time_To_Live > 49.1,0.8757687924516047,0.0016183784637246,63,232
Class DoS/DDoS,HTTPS <= 0.11,0.8733859357169576,0.0133899985088111,64,53
Class DoS/DDoS,ack_flag_number > 0.39,0.8730788345416677,0.0013420699455277,65,259
Class DoS/DDoS,Number > 55.0,0.8708287111668815,0.0169381507504188,66,44
Class DoS/DDoS,Time_To_Live <= 220.45,0.8707831899976735,0.0237449891669517,67,34
Class DoS/DDoS,Time_To_Live <= 72.19,0.8698286066821381,0.0045042674315588,68,156
Class DoS/DDoS,Std <= 587.83,0.8672236058138751,0.0065217581993456,69,106
Class DoS/DDoS,AVG > 499.45,0.8649935851869518,0.0013420699455277,70,259
Class DoS/DDoS,fin_flag_number <= 0.05,0.8626241458173683,0.0836381498732489,71,4
Class DoS/DDoS,Header_Length <= 11.88,0.861126585922599,0.0106532284238134,72,74
Class DoS/DDoS,Time_To_Live > 69.8,0.8593674629279142,0.0,73,348
Class DoS/DDoS,Max > 1511.0,0.8590671258450628,0.0013420699455277,74,259
Class DoS/DDoS,UDP <= 0.58,0.8583441877318284,0.0040569107830495,75,169
Class DoS/DDoS,ack_flag_number > 0.55,0.8376043267044735,0.0112891766006157,76,70
Class DoS/DDoS,Tot sum > 639.0,0.8257761023803993,0.0017060954536284,77,230
Class DoS/DDoS,Std <= 4.43,0.8214683311727693,0.0052103892002842,78,139
Class DoS/DDoS,UDP <= 0.55,0.8194297686446185,0.0045349683780251,79,152
Class DoS/DDoS,HTTPS > 0.25,0.8160260936470725,0.0066401761357157,80,101
Class DoS/DDoS,syn_flag_number <= 0.15,0.8150471675170766,0.0078769856933589,81,90
Class DoS/DDoS,Time_To_Live > 63.45,0.8108200242348065,0.0047937334982412,82,145
Class DoS/DDoS,Header_Length > 9.8,0.809624179993189,0.0,83,348
Class DoS/DDoS,ack_flag_number > 0.1,0.8086577464035976,0.0164030771120058,84,46
Class DoS/DDoS,HTTPS > 0.15,0.8032792169163399,0.0505425295825548,85,12
Class DoS/DDoS,IAT <= 0.01,0.7972231078167046,0.0609282211871617,86,9
Class DoS/DDoS,Time_To_Live <= 193.0,0.7949337012743001,0.0,87,348
Class DoS/DDoS,Time_To_Live <= 232.25,0.7947723289602928,0.0034735928001894,88,186
Class DoS/DDoS,Std <= 755.98,0.7938243707392659,0.000210520775769,89,283
Class DoS/DDoS,ack_count > 1.5,0.79103616057595,0.0158811610220783,90,47
Class DoS/DDoS,psh_flag_number <= 0.25,0.7856398796456503,0.0831776356762541,91,5
Class DoS/DDoS,Std <= 1833.38,0.7843053013678585,0.0035613097900932,92,183
Class DoS/DDoS,Max > 1513.0,0.7835349327064425,0.0450339026165978,93,15
Class DoS/DDoS,Rate > 38.11,0.7832367791891581,0.006578774242783,94,104
Class DoS/DDoS,Tot sum <= 35426.0,0.7800094165991396,0.0095085217055691,95,82
Class DoS/DDoS,HTTPS > 0.35,0.7722527175350276,0.0321088041542766,96,25
Class DoS/DDoS,Max <= 1507.0,0.7702377037979774,0.0062629930791294,97,112
Class DoS/DDoS,Min > 57.5,0.768180262945309,0.0014473303334122,98,244
Class DoS/DDoS,AVG > 351.81,0.7677756896253823,0.0040130522880976,99,171
Class DoS/DDoS,DNS <= 0.09,0.7674890481953773,0.0123066936834995,100,59
Class DoS/DDoS,ack_flag_number > 0.95,0.7662414775174361,0.0,101,348
Class DoS/DDoS,rst_count <= 0.5,0.7654087149224327,0.0780549634658737,102,7
Class DoS/DDoS,AVG > 62.65,0.7616097651225608,0.0,103,348
Class DoS/DDoS,Variance > 396943.52,0.7611696331797986,0.0031972842819925,104,193
Class DoS/DDoS,IPv > 0.85,0.7572169020851468,0.0064735138548985,105,108
Class DoS/DDoS,Max > 153.5,0.7570806472223588,0.0111225143197986,106,71
Class DoS/DDoS,Std > 755.98,0.7565387344580973,0.0024604615668008,107,216
Class DoS/DDoS,ack_flag_number <= 0.95,0.7534631050548418,0.0003377104111295,108,279
Class DoS/DDoS,Number <= 12.0,0.7514972793014296,0.0128329956229222,109,56
Class DoS/DDoS,Tot size <= 92.6,0.7499151678068225,0.0025744936536757,110,214
Class DoS/DDoS,Std <= 222.26,0.7459044461237643,0.0120479285632834,111,62
Class DoS/DDoS,Max > 2874.0,0.7457887470155317,0.0059954562599229,112,118
Class DoS/DDoS,fin_count <= 1.5,0.7426709281865306,0.054963465873705,113,11
Class DoS/DDoS,Number <= 18.0,0.7422521312923791,0.0029385191617764,114,200
Class DoS/DDoS,UDP <= 1.0,0.7412404169039583,0.0118812662824662,115,66
Class DoS/DDoS,Time_To_Live > 62.65,0.7330466431747963,0.00836820083682,116,87
Class DoS/DDoS,Rate <= 3265.26,0.7326950626745988,0.0504328833451751,117,13
Class DoS/DDoS,AVG <= 1500.4,0.7302162742132403,0.0042718174083138,118,163
Class DoS/DDoS,Max > 1507.0,0.7275168752496537,0.0601870126224748,119,10
Class DoS/DDoS,AVG <= 2074.3,0.7262723020399879,0.0026797540415603,120,210
Class DoS/DDoS,ack_flag_number > 0.81,0.7229438070018241,0.0126531757936194,121,57
Class DoS/DDoS,UDP > 0.58,0.7226250232909447,0.005508626965957,122,129
Class DoS/DDoS,Variance > 173096.54,0.7221593638522275,0.0038156890608141,123,178
Class DoS/DDoS,syn_count <= 1.5,0.7209644206960752,0.003811303211319,124,179
Class DoS/DDoS,Header_Length <= 28.2,0.7173672181251878,0.0013157548485566,125,267
Class DoS/DDoS,Header_Length > 28.2,0.7171452482051138,0.0096532547389103,126,81
Class DoS/DDoS,Time_To_Live > 66.0,0.7161450085575558,0.0032148276799733,127,190
Class DoS/DDoS,Tot size <= 77.0,0.716143473285058,0.0211661096637807,128,38
Class DoS/DDoS,Variance <= 157684.25,0.7153077512425375,0.0018464426374744,129,225
Class DoS/DDoS,ack_count > 0.5,0.7144068316067252,0.0270870064822855,130,32
Class DoS/DDoS,Tot size <= 546.4,0.7138833135892144,0.0076664649175898,131,93
Class DoS/DDoS,HTTPS > 0.2,0.7025895854158879,0.0133198249168881,132,54
Class DoS/DDoS,psh_flag_number <= 0.22,0.7022379191795594,0.0078594422953781,133,91
Class DoS/DDoS,ack_flag_number > 0.67,0.7020034367734848,0.0060042279589133,134,117
Class DoS/DDoS,IAT <= 0.03,0.7018503159182206,0.0037235862214152,135,180
Class DoS/DDoS,Time_To_Live <= 219.5,0.7009951723030627,0.0033200880678578,136,187
Class DoS/DDoS,psh_flag_number <= 0.55,0.6992244750746498,0.0048025051972316,137,144
Class DoS/DDoS,ack_count <= 10.5,0.6986097183789982,0.0638667403489381,138,8
Class DoS/DDoS,Rate <= 9671.28,0.6983022661033774,0.00046490004649,139,273
Class DoS/DDoS,Rate <= 1355.55,0.6928569885834033,0.0,140,348
Class DoS/DDoS,Min <= 970.5,0.6926528256073538,0.0048639070901642,141,143
Class DoS/DDoS,Rate > 136.08,0.6922201583870442,0.0080918923186231,142,89
Class DoS/DDoS,Rate <= 3182.08,0.6909950783710769,0.0093944896186942,143,84
Class DoS/DDoS,Header_Length <= 32.6,0.6888694516079947,0.0094865924580932,144,83
Class DoS/DDoS,Header_Length <= 14.32,0.6877472260135129,0.0045305825285299,145,153
Class DoS/DDoS,Min > 59.0,0.6852714487051845,0.2347832951764427,146,1
Class DoS/DDoS,Rate <= 1319.67,0.6845742692211213,0.0,147,348
Class DoS/DDoS,Tot size > 138.05,0.6811391330847749,0.003556923940598,148,184
Class DoS/DDoS,Tot size > 62.99,0.6808888565389491,0.0,149,348
Class DoS/DDoS,SSH <= 0.15,0.6805746199870583,0.0081094357166039,150,88
Class DoS/DDoS,psh_flag_number <= 0.26,0.6800815201513112,0.0,151,348
Class DoS/DDoS,Tot size > 63.55,0.6780133283870459,0.0122145908441005,152,60
Class DoS/DDoS,HTTPS > 0.45,0.6733822203498089,0.0151662675543626,153,48
Class DoS/DDoS,AVG > 216.4,0.6713885200474107,0.0,154,348
Class DoS/DDoS,Time_To_Live <= 216.1,0.6689739103209253,0.0044472513881213,155,160
Class DoS/DDoS,Header_Length > 11.8,0.6619214139485581,0.0793312456689736,156,6
Class DoS/DDoS,AVG <= 458.2,0.6617985847899225,0.004789347648746,157,146
Class DoS/DDoS,Std > 0.63,0.6575032150324308,0.0015876775172583,158,241
Class DoS/DDoS,Tot sum <= 30949.0,0.657349924243324,0.0029560625597571,159,199
Class DoS/DDoS,Variance > 198750.05,0.6555920447435156,0.006578774242783,160,104
Class DoS/DDoS,Tot sum <= 34688.0,0.655026421538114,0.0121707323491487,161,61
Class DoS/DDoS,Time_To_Live <= 158.55,0.6549604581572507,0.007600677175162,162,94
Class DoS/DDoS,Tot sum > 10816.0,0.6528371457410262,0.0030613229476417,163,198
Class DoS/DDoS,Tot size <= 295.8,0.6504164693580682,0.0057454628386972,164,123
Class DoS/DDoS,Rate > 109.13,0.6502186943011208,0.0032016701314877,165,191
Class DoS/DDoS,HTTP <= 0.25,0.6491871930713757,0.0420734542073454,166,17
Class DoS/DDoS,ack_flag_number <= 0.55,0.6489039463402764,0.0016008350657438,167,234
Class DoS/DDoS,DNS <= 0.05,0.6479283817283501,0.0199775444505846,168,40
Class DoS/DDoS,Min <= 1507.0,0.6466680913125993,0.0032981588203819,169,188
Class DoS/DDoS,syn_flag_number <= 0.1,0.6466349405827678,0.0281264528126452,170,28
Class DoS/DDoS,Min <= 1244.0,0.646039744054755,0.0067322789751146,171,99
Class DoS/DDoS,Protocol Type <= 11.5,0.6458155708834677,0.0064033402629755,172,109
Class DoS/DDoS,Max > 2958.0,0.6456448189403142,0.0119645974228748,173,63
Class DoS/DDoS,Max <= 1274.0,0.6454173896846154,0.0063068515740813,174,111
Class DoS/DDoS,Min <= 72.0,0.6452617107034174,0.0021446804031472,175,221
Class DoS/DDoS,Rate <= 15745.77,0.6445681039922407,0.013061059796672,176,55
Class DoS/DDoS,AVG > 64.35,0.6442007248127571,0.0045305825285299,177,153
Class DoS/DDoS,ARP <= 0.05,0.6430662945211455,0.0032630720244204,178,189
Class DoS/DDoS,Header_Length <= 29.4,0.6420328024116497,0.0,179,348
Class DoS/DDoS,Max > 1512.0,0.6418927748523612,0.0119558257238844,180,64
Class DoS/DDoS,Std > 448.37,0.6397721780531552,0.006065629851846,181,115
Class DoS/DDoS,Tot sum > 21652.5,0.6389903714368483,0.004789347648746,182,146
Class DoS/DDoS,IRC <= 0.05,0.6364241579315443,0.0027718568809592,183,204
Class DoS/DDoS,Std <= 755.85,0.6340713106636033,0.0036665701779777,184,181
Class DoS/DDoS,Tot size <= 266.5,0.6306829834955627,0.0042718174083138,185,163
Class DoS/DDoS,Tot sum <= 8403.0,0.6275576615743861,0.007833127198407,186,92
Class DoS/DDoS,syn_flag_number <= 0.0,0.6254519301971893,0.0277054112611071,187,29
Class DoS/DDoS,Number <= 22.0,0.623430313734338,0.0038463900072805,188,177
Class DoS/DDoS,UDP <= 0.85,0.6199528050837704,0.0040130522880976,189,171
Class DoS/DDoS,Time_To_Live <= 139.05,0.619906972633493,0.0066796487811724,190,100
Class DoS/DDoS,Variance <= 562976.78,0.6195616291252778,0.0066182468882397,191,102
Class DoS/DDoS,Tot sum <= 15205.0,0.6178725653848256,0.0073419120549459,192,97
Class DoS/DDoS,Tot sum > 609.5,0.6172368354036404,0.0060480864538652,193,116
Class DoS/DDoS,Header_Length > 24.66,0.617163557261814,0.0220520512618089,194,37
Class DoS/DDoS,Min <= 786.0,0.6158567748176801,0.0,195,348
Class DoS/DDoS,Std > 755.85,0.6152917947449305,0.0031972842819925,196,193
Class DoS/DDoS,Min > 64.0,0.6121104010623483,0.0015920633667535,197,240
Class DoS/DDoS,Time_To_Live > 63.43,0.6121033900618836,0.0116970606036683,198,68
Class DoS/DDoS,rst_flag_number <= 0.05,0.6099602810861228,0.0247581204003403,199,33
Class DoS/DDoS,fin_flag_number <= 0.1,0.60830515263103,0.0275957650237274,200,30
Class DoS/DDoS,ece_flag_number <= 0.05,0.604779369156624,0.0119119672289325,201,65
Class DoS/DDoS,Rate <= 240.87,0.6044658652680511,3.947264545669851e-05,202,314
Class DoS/DDoS,Variance > 623806.34,0.6034310432442371,0.0016534652596861,203,231
Class DoS/DDoS,HTTPS > 0.1,0.6031651135221302,0.0273194565055305,204,31
Class DoS/DDoS,UDP <= 0.14,0.6009172865093563,0.0021929247475943,205,220
Class DoS/DDoS,Tot sum > 9140.0,0.6000084726257746,0.0031972842819925,206,193
Class DoS/DDoS,Tot sum > 591.5,0.5992330326969763,0.0013420699455277,207,259
Class DoS/DDoS,fin_count <= 0.5,0.5988609885800701,0.0485908265571958,208,14
Class DoS/DDoS,Tot size <= 204.45,0.5975727352166197,0.0,209,348
Class DoS/DDoS,Tot size <= 1541.55,0.597040783598744,0.0,210,348
Class DoS/DDoS,Tot sum <= 5999.0,0.5960075591497455,0.0,211,348
Class DoS/DDoS,UDP > 0.75,0.5959984373291903,0.0057893213336491,212,121
Class DoS/DDoS,Rate <= 39547.11,0.5949304520114067,0.0308105927037007,213,26
Class DoS/DDoS,Tot sum <= 9140.0,0.5946785245957457,0.0031972842819925,214,193
Class DoS/DDoS,psh_flag_number <= 0.45,0.588626567499427,0.0221397682517126,215,36
Class DoS/DDoS,Variance <= 3350968.12,0.5886023974679249,0.0016008350657438,216,234
Class DoS/DDoS,Header_Length <= 32.4,0.5878365795826163,0.0171881441716446,217,43
Class DoS/DDoS,syn_flag_number <= 0.05,0.5856968303193351,0.0435602571862143,218,16
Class DoS/DDoS,Header_Length <= 33.8,0.5848967203694169,0.0062103628851872,219,113
Class DoS/DDoS,Std > 598.22,0.5840338660250636,0.0054472250730243,220,131
Class DoS/DDoS,Tot size <= 138.05,0.5830857470225642,0.0,221,348
Class DoS/DDoS,Variance <= 534782.66,0.5823664141350905,0.0,222,348
Class DoS/DDoS,fin_flag_number <= 0.0,0.5812044691996378,0.0141092778260221,223,50
Class DoS/DDoS,Tot sum > 653.0,0.5791885385934556,0.0075743620781909,224,95
Class DoS/DDoS,Rate > 121.29,0.5785712796536883,0.0025130917607431,225,215
Class DoS/DDoS,Rate <= 335.24,0.5780269062390947,0.0051402156083611,226,141
Class DoS/DDoS,Time_To_Live <= 241.65,0.5762270938600306,0.0110918133733322,227,72
Class DoS/DDoS,TCP <= 0.35,0.5739493194372141,0.0109426944904958,228,73
Class DoS/DDoS,IAT <= 0.04,0.5734353803293059,0.0,229,348
Class DoS/DDoS,Header_Length > 23.8,0.570891010140231,3.5086795961509786e-05,230,315
Class DoS/DDoS,Rate <= 1765.69,0.5686098050695467,0.0029385191617764,231,200
Class DoS/DDoS,Header_Length <= 33.0,0.5679596099814946,0.0113242633965772,232,69
Class DoS/DDoS,Rate > 329.77,0.5630756763466584,0.0029385191617764,233,200
Class DoS/DDoS,Number <= 55.0,0.5603133673260997,0.0182363622009947,234,42
Class DoS/DDoS,Max > 1493.5,0.558427817583925,0.0074559441418208,235,96
Class DoS/DDoS,Rate <= 10256.96,0.5563148945541649,0.0090918660035262,236,86
Class DoS/DDoS,Max <= 5051.5,0.5539778270789958,0.0029385191617764,237,200
Class DoS/DDoS,Tot sum > 7960.5,0.5532897939322732,0.0097322000298237,238,80
Class DoS/DDoS,Max <= 1499.0,0.5528623328506505,0.005951597764971,239,119
Class DoS/DDoS,Std > 426.91,0.5519170702795362,0.0,240,348
Class DoS/DDoS,Max > 2931.5,0.5515186505879841,0.0018859152829311,241,224
Class DoS/DDoS,Time_To_Live > 69.85,0.5471832451539353,0.0068243818145136,242,98
Class DoS/DDoS,HTTPS <= 0.95,0.5461811992413871,0.004789347648746,243,146
Class DoS/DDoS,Min <= 154.0,0.5454303290516306,0.0013420699455277,244,259
Class DoS/DDoS,psh_flag_number > 0.05,0.5441868366073429,0.0035920107365595,245,182
Class DoS/DDoS,AVG <= 201.35,0.5419342436488622,0.0199600010526038,246,41
Class DoS/DDoS,Tot sum <= 3520.0,0.538368720121229,0.0018157416910081,247,226
Class DoS/DDoS,Max <= 1513.0,0.5378495907463233,0.009925177407612,248,79
Class DoS/DDoS,Tot sum > 631.0,0.5373072601993749,0.0057849354841539,249,122
Class DoS/DDoS,Time_To_Live > 62.45,0.5344813747605061,0.0026797540415603,250,210
Class DoS/DDoS,AVG <= 3404.2,0.5340006043210244,0.0026797540415603,251,210
Class DoS/DDoS,ack_flag_number > 0.85,0.5329592899539121,0.0149513609290983,252,49
Class DoS/DDoS,Rate <= 14492.19,0.532349852424599,0.0019429313263686,253,223
Class DoS/DDoS,Rate <= 561.46,0.5292543007017075,0.0044911098830732,254,157
Class DoS/DDoS,Tot sum <= 3514.0,0.5281683564441221,0.0047367174548038,255,149
Class DoS/DDoS,Header_Length > 21.8,0.5265447287343116,0.0056928326447549,256,124
Class DoS/DDoS,Variance > 680547.12,0.523509084173975,0.0022850275869933,257,219
Class DoS/DDoS,syn_count <= 4.5,0.5227603832819793,0.0105391963369385,258,75
Class DoS/DDoS,Header_Length > 12.4,0.5220410736350987,0.0026797540415603,259,210
Class DoS/DDoS,Max <= 1493.5,0.5175682721435217,0.0099865793005447,260,78
Class DoS/DDoS,DHCP <= 0.05,0.5162011496866972,0.0020350341657675,261,222
Class DoS/DDoS,Max <= 1502.0,0.5156443196480621,0.0045305825285299,262,153
Class DoS/DDoS,psh_flag_number <= 0.33,0.5043859746642517,0.0054340675245388,263,132
Class DoS/DDoS,ack_count > 8.5,0.5032735121977687,0.0167627167706113,264,45
Class DoS/DDoS,Min <= 1504.0,0.5022011666397772,0.0052454759962457,265,138
Class DoS/DDoS,Tot size > 790.65,0.4942493799475227,0.0042323447628571,266,166
Class DoS/DDoS,AVG > 72.55,0.4926347179181397,0.0004692858959851,267,272
Class DoS/DDoS,HTTPS > 0.05,0.4923540435385502,0.0044779523345876,268,158
Class DoS/DDoS,AVG <= 204.45,0.4910002808808782,0.0042718174083138,269,163
Class DoS/DDoS,rst_flag_number <= 0.15,0.4881789523759278,0.0138373551573204,270,52
Class DoS/DDoS,Std > 355.28,0.4776753489890047,0.0049867108760295,271,142
Class DoS/DDoS,rst_count <= 1.5,0.4705646118274891,0.0040130522880976,272,171
Class DoS/DDoS,TCP > 0.5,0.4667464379254293,0.0039735796426409,273,174
Class DoS/DDoS,Header_Length > 21.4,0.4642149331545924,0.0042191872143715,274,167
Class DoS/DDoS,Tot sum > 2495.5,0.4575681212825309,0.0047279457558134,275,151
Class DoS/DDoS,Std <= 28.22,0.4538545204345691,0.0024034455233634,276,217
Class DoS/DDoS,Variance <= 398961.84,0.1094047818383176,0.0003157811636535,277,280
Class DoS/DDoS,Rate > 669.21,0.1064591224329605,5.263019394226468e-05,278,304
Class DoS/DDoS,Time_To_Live <= 95.87,0.0954734153987217,0.0003420962606247,279,278
Class DoS/DDoS,Tot size <= 970.98,0.0930716569664269,5.263019394226468e-05,280,304
Class DoS/DDoS,DNS <= 0.17,0.0799936039466994,0.0003596396586054,281,276
Class DoS/DDoS,Number > 11.0,0.0759268826770337,0.0043595343982175,282,162
Class DoS/DDoS,ack_flag_number <= 0.06,0.0717455512237414,0.005508626965957,283,129
Class DoS/DDoS,AVG <= 63.44,0.0696373892526223,0.001372770891994,284,250
Class DoS/DDoS,Header_Length <= 20.9,0.0680995213614982,6.140189293264212e-05,285,302
Class DoS/DDoS,AVG <= 63.4,0.0672221971194943,0.0,286,348
Class DoS/DDoS,Time_To_Live > 62.6,0.0635303723570045,0.0052016175012938,287,140
Class DoS/DDoS,Min > 48.0,0.0615679587162562,0.0003684113575958,288,274
Class DoS/DDoS,Rate > 1147.0,0.0399066706291617,0.0014210152364411,289,245
Class DoS/DDoS,IPv > 0.81,0.0354768910396199,0.0003684113575958,290,274
Class DoS/DDoS,Tot sum > 5965.0,0.0300649049489293,7.017359192301957e-05,291,297
Class DoS/DDoS,Tot size <= 62.99,0.0289689911678781,0.0,292,348
Class DoS/DDoS,Std <= 124.64,0.0259115059679768,0.0001052603878845,293,291
Class DoS/DDoS,Number > 10.5,0.0199690079655528,8.771698990377447e-06,294,332
Class DoS/DDoS,ARP <= 0.0,0.0191754152275503,0.0055919581063656,295,127
Class DoS/DDoS,Number > 12.5,0.0178663826879547,0.0013903142899748,296,246
Class DoS/DDoS,Number > 11.5,0.0175653799052682,0.0027630851819688,297,205
Class DoS/DDoS,Max <= 803.5,0.0165608655093248,4.824434444707596e-05,298,310
Class DoS/DDoS,Min <= 61.0,0.0141087756871561,0.0139031428997482,299,51
Class DoS/DDoS,AVG > 599.41,0.0133005879237157,4.385849495188723e-06,300,340
Class DoS/DDoS,AVG <= 666.06,0.0130883480054127,6.578774242783085e-05,301,299
Class DoS/DDoS,ack_count > 13.0,0.0128655034148632,0.0039472645456698,302,175
Class DoS/DDoS,IRC <= 0.0,0.0118792835432786,0.0,303,348
Class DoS/DDoS,ack_flag_number <= 0.81,0.0109441975264074,0.0013420699455277,304,259
Class DoS/DDoS,Time_To_Live <= 78.33,0.0109380749393922,0.005276176942712,305,137
Class DoS/DDoS,AVG <= 515.7,0.0104643507545919,0.0054033665780725,306,135
Class DoS/DDoS,Max <= 64.0,0.0101920797703696,0.0065963176407638,307,103
Class DoS/DDoS,Max > 803.5,0.0098941299112837,0.0002631509697113,308,281
Class DoS/DDoS,AVG <= 599.41,0.0096799858391242,0.0,309,348
Class DoS/DDoS,ack_count > 3.5,0.0096707580165893,3.070094646632106e-05,310,317
Class DoS/DDoS,Rate > 91.99,0.0096250583240355,0.0,311,348
Class DoS/DDoS,LLC > 0.86,0.0093930445003005,0.0,312,348
Class DoS/DDoS,Header_Length <= 24.74,0.0082892211570766,5.263019394226468e-05,313,304
Class DoS/DDoS,AVG > 63.4,0.0082808721747831,0.0054077524275676,314,134
Class DoS/DDoS,Telnet <= 0.0,0.0082804327546624,4.385849495188723e-06,315,340
Class DoS/DDoS,Variance > 322767.88,0.0073408060632104,0.0002368358727401,316,282
Class DoS/DDoS,Tot sum > 5878.0,0.0069076842975638,6.578774242783085e-05,317,299
Class DoS/DDoS,Number > 16.0,0.0066791858347945,4.385849495188723e-06,318,340
Class DoS/DDoS,LLC > 0.94,0.0066783069945531,0.0,319,348
Class DoS/DDoS,Max > 655.5,0.0066330467221199,4.3858494951887234e-05,320,311
Class DoS/DDoS,Tot sum > 26071.0,0.006502538946269,0.0013508416445181,321,258
Class DoS/DDoS,Protocol Type > 11.5,0.0062419628146879,0.0003552538091102,322,277
Class DoS/DDoS,Tot sum <= 35794.0,0.0060794139883685,0.0064910572528793,323,107
Class DoS/DDoS,Variance <= 0.02,0.0058517577474973,0.0,324,348
Class DoS/DDoS,AVG > 206.35,0.0056773079595753,0.0054296816750436,325,133
Class DoS/DDoS,Time_To_Live <= 78.17,0.005526147438051,7.017359192301957e-05,326,297
Class DoS/DDoS,Tot sum <= 6001.0,0.0054804477454972,0.0,327,348
Class DoS/DDoS,UDP <= 0.59,0.0053064373776959,5.263019394226468e-05,328,304
Class DoS/DDoS,UDP <= 0.97,0.0047624352682568,0.0013596133435085,329,253
Class DoS/DDoS,Tot sum > 35426.0,0.0046864155873739,0.0027016832890362,330,209
Class DoS/DDoS,Header_Length <= 7.98,0.0046763089245976,0.0013552274940133,331,257
Class DoS/DDoS,Std > 4.43,0.0044961466751064,0.000210520775769,332,283
Class DoS/DDoS,AVG <= 206.35,0.0044447345209833,0.0014604878818978,333,243
Class DoS/DDoS,Std > 90.03,0.0042606174904057,0.0013596133435085,334,253
Class DoS/DDoS,Tot size <= 985.99,0.0041446105785383,6.578774242783085e-05,335,299
Class DoS/DDoS,Max > 1505.0,0.0039798280332719,5.263019394226468e-05,336,304
Class DoS/DDoS,Std <= 626.26,0.0038299857721098,0.0002017490767786,337,285
Class DoS/DDoS,ack_count > 10.5,0.0035694096405286,3.070094646632106e-05,338,317
Class DoS/DDoS,Number > 13.0,0.0034252798409357,8.771698990377447e-06,339,332
Class DoS/DDoS,Variance > 19.97,0.0033721100063298,0.0001578905818267,340,288
Class DoS/DDoS,ARP > 0.0,0.00327324047917,0.0,341,348
Class DoS/DDoS,HTTP <= 0.82,0.0032512694731345,4.385849495188723e-06,342,340
Class DoS/DDoS,Std <= 1985.01,0.0031242770582492,0.0013596133435085,343,253
Class DoS/DDoS,Tot sum > 35794.0,0.0031176857564386,0.0027279983860073,344,206
Class DoS/DDoS,Tot sum > 6001.0,0.0030996695314895,8.771698990377447e-06,345,332
Class DoS/DDoS,Min > 77.0,0.0030886840284717,0.0001491188828364,346,289
Class DoS/DDoS,Tot size > 58.0,0.0029572974123794,0.0005306877889178,347,271
Class DoS/DDoS,Number > 12.0,0.0027863629854231,0.0,348,348
Class DoS/DDoS,Std <= 667.95,0.0027630737190255,5.263019394226468e-05,349,304
Class DoS/DDoS,Max > 64.0,0.0027501108254645,0.0013201406980518,350,266
Class DoS/DDoS,Tot sum > 4822.0,0.0026932059198326,0.0,351,348
Class DoS/DDoS,Variance > 0.02,0.0026611282510207,1.3157548485566167e-05,352,327
Class DoS/DDoS,ack_flag_number <= 0.63,0.0026532186888479,4.3858494951887234e-05,353,311
Class DoS/DDoS,Number > 22.0,0.0025213926526349,0.0013771567414892,354,248
Class DoS/DDoS,Std > 124.64,0.002445372971752,0.0001228037858652,355,290
Class DoS/DDoS,Variance <= 1.03,0.0023812176341284,8.771698990377447e-06,356,332
Class DoS/DDoS,psh_flag_number > 0.1,0.002377262853042,0.0,357,348
Class DoS/DDoS,Tot sum > 8559.0,0.0023381544622988,4.385849495188723e-06,358,340
Class DoS/DDoS,Tot sum > 14232.0,0.0023249718586774,1.7543397980754893e-05,359,324
Class DoS/DDoS,Tot sum > 15003.0,0.0023157440361425,4.385849495188723e-06,360,340
Class DoS/DDoS,Max > 195.5,0.0022480733375532,9.648868889415192e-05,361,292
Class DoS/DDoS,syn_flag_number > 0.0,0.00220281306512,0.0,362,348
Class DoS/DDoS,ack_flag_number > 0.59,0.002178644958481,8.771698990377447e-06,363,332
Class DoS/DDoS,Number > 21.5,0.0021303087452028,1.3157548485566167e-05,364,327
Class DoS/DDoS,Min <= 77.0,0.0021021858574774,8.333114040858574e-05,365,293
Class DoS/DDoS,Max <= 8369.0,0.002078457170959,0.0013771567414892,366,248
Class DoS/DDoS,Tot size <= 63.55,0.0020670322478206,0.0027236125365121,367,207
Class DoS/DDoS,Tot sum > 1337.0,0.0020591226856478,8.333114040858574e-05,368,293
Class DoS/DDoS,syn_flag_number > 0.1,0.0020213325552667,0.0040525249335543,369,170
Class DoS/DDoS,Std > 585.28,0.0019519041761945,6.140189293264212e-05,370,302
Class DoS/DDoS,Header_Length <= 7.18,0.0016302486478347,7.894529091339702e-05,371,295
Class DoS/DDoS,Std <= 12.13,0.0016153083637305,0.0,372,348
Class DoS/DDoS,Std <= 1032.24,0.0015621385291246,8.771698990377447e-06,373,332
Class DoS/DDoS,rst_count <= 9.5,0.00151599941645,0.0027148408375218,374,208
Class DoS/DDoS,Variance <= 372531.17,0.0013815368595127,3.070094646632106e-05,375,317
Class DoS/DDoS,ack_count > 22.0,0.001378021498547,0.0013815425909844,376,247
Class DoS/DDoS,Time_To_Live <= 87.6,0.0013266093444239,2.6315096971132334e-05,377,321
Class DoS/DDoS,TCP <= 0.3,0.0012905768945257,0.0,378,348
Class DoS/DDoS,Header_Length > 7.98,0.0012664087878867,0.0013639991930036,379,252
Class DoS/DDoS,ack_count > 12.5,0.001188631426521,4.385849495188723e-06,380,340
Class DoS/DDoS,Number > 62.0,0.0011240366687766,2.6315096971132334e-05,381,321
Class DoS/DDoS,AVG <= 593.51,0.0010893224792405,8.771698990377447e-06,382,332
Class DoS/DDoS,HTTPS <= 0.0,0.0010510929287387,1.3157548485566167e-05,383,327
Class DoS/DDoS,ack_flag_number <= 1.0,0.0010392285854795,1.7543397980754893e-05,384,324
Class DoS/DDoS,fin_count > 0.5,0.0010317584434274,4.3858494951887234e-05,385,311
Class DoS/DDoS,Rate > 1388.34,0.0010295613428239,8.771698990377447e-06,386,332
Class DoS/DDoS,syn_count > 9.5,0.0010106662776333,0.0013683850424988,387,251
Class DoS/DDoS,Number > 18.0,0.0009759520880972,4.385849495188723e-06,388,340
Class DoS/DDoS,AVG > 515.7,0.0009443138394061,0.0009955878354078,389,269
Class DoS/DDoS,Std <= 585.28,0.0009390407979576,3.5086795961509786e-05,390,315
Class DoS/DDoS,AVG > 74.74,0.0008151243239173,2.6315096971132334e-05,391,321
Class DoS/DDoS,ICMP <= 0.0,0.0006890107492735,3.070094646632106e-05,392,317
Class DoS/DDoS,Tot sum > 15087.0,0.0006332043939433,1.3157548485566167e-05,393,327
Class DoS/DDoS,syn_count > 10.5,0.0005360925472664,1.7543397980754893e-05,394,324
Class DoS/DDoS,Number > 21.0,0.0005053331388166,1.3157548485566167e-05,395,327
Class DoS/DDoS,Class DoS/DDoS,0.0,0.0,396,348
Class Reconnaissance,syn_count > 1.5,0.0045102081189691,0.0094734349096076,1,1
Class Reconnaissance,HTTPS <= 0.26,0.003946432104098,0.0081532942115558,2,2
Class Reconnaissance,Std <= 55.65,0.0033826560892268,0.0068243818145136,3,3
Class Reconnaissance,AVG <= 88.1,0.0028188800743557,0.005486697718481,4,4
Class Reconnaissance,Tot sum > 1377.0,0.0023895666164218,0.0019867898213204,5,7
Class Reconnaissance,cwr_flag_number <= 0.05,0.0022551040594845,0.0041402419234581,6,5
Class Reconnaissance,Header_Length <= 37.6,0.0016913280446134,0.0027850144294448,7,6
Class Reconnaissance,psh_flag_number <= 0.06,0.0011947833082109,0.0006359481768023,8,9
Class Reconnaissance,Tot sum <= 889.5,0.0011275520297422,0.0014210152364411,9,8
Class Reconnaissance,Rate > 62.35,0.0005637760148711,4.824434444707596e-05,10,10
Class Reconnaissance,Class Reconnaissance,0.0,0.0,11,11
Class Spoofing,SSH <= 0.05,0.6661626032733251,0.0236879731235142,1,1
Class Spoofing,ack_count <= 11.5,0.6329303940391988,0.0146004929694832,2,2
Class Spoofing,Tot size <= 90.95,0.6283176249817354,0.0072234941185758,3,5
Class Spoofing,syn_count <= 3.5,0.6043599548307071,0.0143417278492671,4,3
Class Spoofing,Tot sum > 618.0,0.5960640369387784,0.0069647289983596,5,6
Class Spoofing,Min <= 59.0,0.4945073882315557,0.0102804312167223,6,4
Class Spoofing,Time_To_Live <= 161.55,0.4695535055569573,0.004043753234564,7,8
Class Spoofing,Tot sum <= 14232.0,0.0054167318279942,0.0028201012254063,8,9
Class Spoofing,Std <= 605.79,0.0036111545519961,0.0014385586344219,9,11
Class Spoofing,UDP <= 0.75,0.0026839780972977,0.0040612966325447,10,7
Class Spoofing,UDP > 0.97,0.0022137985681378,0.0013596133435085,11,14
Class Spoofing,IGMP <= 0.0,0.0020129835729732,0.0027236125365121,12,10
Class Spoofing,Std <= 250.07,0.001805577275998,4.824434444707596e-05,13,16
Class Spoofing,Max <= 189.5,0.0013419890486488,0.0013771567414892,14,13
Class Spoofing,Tot sum > 3713.0,0.0013112296401991,0.0014297869354315,15,12
Class Spoofing,Rate > 3145.84,0.0011068992840689,8.771698990377447e-06,16,18
Class Spoofing,Rate > 397.62,0.0006709945243244,2.1929247475943617e-05,17,17
Class Spoofing,Max > 1498.5,0.0006556148200995,8.333114040858574e-05,18,15
Class Spoofing,Class Spoofing,0.0,0.0,19,19
